method,domain,metric,estimate,ci_low,ci_high,environment_episodes,fixed_model_seeds,training_seed_sd,valid_bootstrap_resamples,per_model_estimates
vision_world_model,test_combined_ood,contact_forecast_fraction,0.3397777777777778,0.23154999999999998,0.44889444444444443,30,3,0.0,2000,"[0.3397777777777778, 0.3397777777777778, 0.3397777777777778]"
vision_world_model,test_combined_ood,contact_phase_endpoint_force_mae_N,2.1548529258650455,1.7061919649659107,2.6044529571803414,30,3,0.029697348286462578,2000,"[2.1411506416492228, 2.188927551414631, 2.134480584531284]"
vision_world_model,test_combined_ood,endpoint_force_mae_N,0.7719939812266176,0.5017937110836376,1.0610605724397362,30,3,0.01779047353401294,2000,"[0.759372654165331, 0.7923412941428315, 0.7642679953716902]"
vision_world_model,test_combined_ood,endpoint_force_mae_N_h1,0.7422947199534867,0.4801713560534014,1.0217238088174847,30,3,0.023452172586259874,2000,"[0.7192617466563739, 0.7661447383280567, 0.7414776748760293]"
vision_world_model,test_combined_ood,endpoint_force_mae_N_h2,0.7558080093833951,0.4906449075429442,1.0362709838198898,30,3,0.02131791404722581,2000,"[0.736977441335028, 0.7789532147313434, 0.7514933720838141]"
vision_world_model,test_combined_ood,endpoint_force_mae_N_h3,0.7722746280113374,0.499348180795922,1.0637340248736278,30,3,0.019461814988443994,2000,"[0.7623968213041209, 0.7946944908247571, 0.7597325719051339]"
vision_world_model,test_combined_ood,endpoint_force_mae_N_h4,0.7882338075564576,0.5086707978145245,1.0879725486987852,30,3,0.016057419384146582,2000,"[0.778294706615033, 0.8067588521766097, 0.7796478638777302]"
vision_world_model,test_combined_ood,endpoint_force_mae_N_h5,0.8013587412284112,0.513470603463056,1.1065907923134681,30,3,0.013141510496814607,2000,"[0.7999325549160993, 0.8151551746533907, 0.7889884941157437]"
vision_world_model,test_combined_ood,height_episode_coverage,0.8111111111111112,0.7111111111111111,0.9002777777777763,30,3,0.15752718754175365,2000,"[0.8666666666666667, 0.9333333333333333, 0.6333333333333333]"
vision_world_model,test_combined_ood,height_mae_m,0.004808954525169813,0.003214796729185899,0.00662084034469382,30,3,0.0003860386501497019,2000,"[0.005067234406124852, 0.00436518072330768, 0.004994448446076907]"
vision_world_model,test_combined_ood,height_mae_m_h1,0.0042071730186418995,0.002895367654439017,0.005690861551408658,30,3,0.0002205678768473761,2000,"[0.004210238058650349, 0.003985088594442156, 0.004426192402833193]"
vision_world_model,test_combined_ood,height_mae_m_h2,0.0044134989191230425,0.002958855867337358,0.0060702939303753515,30,3,0.0002855382539660565,2000,"[0.004510347275904172, 0.0040921326382279705, 0.004638016843236983]"
vision_world_model,test_combined_ood,height_mae_m_h3,0.004762721154369906,0.003145060601823422,0.006627199871945372,30,3,0.0003920615129199243,2000,"[0.00500021274858025, 0.004310193187395473, 0.004977757527133993]"
vision_world_model,test_combined_ood,height_mae_m_h4,0.005137533301345279,0.0033934874675008663,0.007135778302788957,30,3,0.0004876027563797852,2000,"[0.005524415345086406, 0.004589835083073315, 0.005298349475876118]"
vision_world_model,test_combined_ood,height_mae_m_h5,0.005523846232368939,0.0036572279130581324,0.007646198946733623,30,3,0.0006281648151138854,2000,"[0.006090958602403084, 0.004848654113399486, 0.0056319259813042465]"
vision_world_model,test_combined_ood,interval_peak_mae_N,1.6895290571583643,1.1042561726634148,2.312912018684325,30,3,0.08933757250073594,2000,"[1.6230587475829654, 1.7910831355253856, 1.6544452883667415]"
vision_world_model,test_combined_ood,interval_peak_mae_N_h1,1.6038335816948504,1.0298092991411687,2.1997015445232386,30,3,0.11816947156261146,2000,"[1.4938031721115113, 1.7287344483534495, 1.5889631246195899]"
vision_world_model,test_combined_ood,interval_peak_mae_N_h2,1.6462718541533858,1.0822562303311296,2.2519523172775893,30,3,0.1010510643447921,2000,"[1.5593573247061836, 1.7571510443422529, 1.622307193411721]"
vision_world_model,test_combined_ood,interval_peak_mae_N_h3,1.6894141399418867,1.0963781192391007,2.3120844360325066,30,3,0.09025714671636534,2000,"[1.6312834101253086, 1.7933925626013014, 1.6435664470990499]"
vision_world_model,test_combined_ood,interval_peak_mae_N_h4,1.7369506231060734,1.1235489476543887,2.3774471064728715,30,3,0.07877935489193988,2000,"[1.6850838005542754, 1.8276031296783024, 1.6981649390856426]"
vision_world_model,test_combined_ood,interval_peak_mae_N_h5,1.7711750868956246,1.1414833842107543,2.4144922815936583,30,3,0.06829691281502011,2000,"[1.7457660304175482, 1.8485344926516214, 1.7192247376177046]"
vision_world_model,test_combined_ood,joint_episode_coverage,0.8111111111111112,0.7111111111111111,0.9002777777777763,30,3,0.15752718754175365,2000,"[0.8666666666666667, 0.9333333333333333, 0.6333333333333333]"
vision_world_model,test_combined_ood,peak_episode_coverage,1.0,1.0,1.0,30,3,0.0,2000,"[1.0, 1.0, 1.0]"
vision_world_model,test_geometry_ood,contact_forecast_fraction,0.4928888888888889,0.3915388888888888,0.5822277777777777,30,3,0.0,2000,"[0.4928888888888889, 0.4928888888888889, 0.4928888888888889]"
vision_world_model,test_geometry_ood,contact_phase_endpoint_force_mae_N,2.280343477235982,1.8119460517211081,2.8309884712860547,30,3,0.10141805922480329,2000,"[2.1817942369514576, 2.3844054879570353, 2.2748307067994533]"
vision_world_model,test_geometry_ood,endpoint_force_mae_N,1.1588568206888876,0.8315063048809093,1.5092325258188184,30,3,0.055510902638026514,2000,"[1.1056388862085424, 1.2164068431619175, 1.154524732696203]"
vision_world_model,test_geometry_ood,endpoint_force_mae_N_h1,1.1475455640349537,0.8354020598036034,1.5038863561738607,30,3,0.06091179992106028,2000,"[1.0826469247703683, 1.2034762025362364, 1.1565135647982565]"
vision_world_model,test_geometry_ood,endpoint_force_mae_N_h2,1.1352699961067454,0.8117383112579011,1.481566628209526,30,3,0.06154796610066258,2000,"[1.074904255606234, 1.1979357104673465, 1.1329700222466554]"
vision_world_model,test_geometry_ood,endpoint_force_mae_N_h3,1.1657149976640537,0.8361255424239127,1.5241830247629944,30,3,0.05982880319039104,2000,"[1.1097244520982106, 1.228757093364666, 1.1586634475292845]"
vision_world_model,test_geometry_ood,endpoint_force_mae_N_h4,1.1676432477548015,0.8407714582039361,1.5241231114667275,30,3,0.05127563740513273,2000,"[1.121464289456813, 1.2228235176261686, 1.1586419361814235]"
vision_world_model,test_geometry_ood,endpoint_force_mae_N_h5,1.1781102978838838,0.8486178534676917,1.5357954413681807,30,3,0.04603785059838315,2000,"[1.1394545091110868, 1.22904169181517, 1.1658346927253944]"
vision_world_model,test_geometry_ood,height_episode_coverage,0.8666666666666666,0.7888888888888889,0.9333333333333332,30,3,0.1527525231651947,2000,"[0.9, 1.0, 0.7]"
vision_world_model,test_geometry_ood,height_mae_m,0.005595799499037202,0.004347259639124403,0.006837426248556529,30,3,0.0007574202007932281,2000,"[0.006091003099036041, 0.004723885752587294, 0.005972509645488269]"
vision_world_model,test_geometry_ood,height_mae_m_h1,0.00502499769233745,0.003944185078199046,0.006082529843803194,30,3,0.0005125855904990178,2000,"[0.0048863552300544046, 0.00459599404117196, 0.005592643805785984]"
vision_world_model,test_geometry_ood,height_mae_m_h2,0.005198944031187609,0.003957413704713636,0.00637444424686853,30,3,0.0006248224782964586,2000,"[0.005322564583556313, 0.004521551430160697, 0.005752716079845817]"
vision_world_model,test_geometry_ood,height_mae_m_h3,0.0054967616436597715,0.00424207645244476,0.006757815512380653,30,3,0.0008613701006634654,2000,"[0.006014209908058142, 0.004502412661030475, 0.005973662361890698]"
vision_world_model,test_geometry_ood,height_mae_m_h4,0.005895004546613631,0.004563807315745955,0.007239668510852357,30,3,0.0009838700639769992,2000,"[0.006731281966818238, 0.004810922625620151, 0.006142809047402504]"
vision_world_model,test_geometry_ood,height_mae_m_h5,0.006363289581387546,0.004952176488376237,0.007788162506489714,30,3,0.0011564822145407987,2000,"[0.007500603806693107, 0.005188548004953191, 0.006400716932516338]"
vision_world_model,test_geometry_ood,interval_peak_mae_N,2.507895240222966,1.7196281422159185,3.385947623291722,30,3,0.17450139364811199,2000,"[2.3274450462526746, 2.6757671787871256, 2.5204734956290986]"
vision_world_model,test_geometry_ood,interval_peak_mae_N_h1,2.484484630734832,1.7414023120568858,3.3313878142348043,30,3,0.20205399806745597,2000,"[2.262254553238551, 2.657131471236547, 2.534067867729399]"
vision_world_model,test_geometry_ood,interval_peak_mae_N_h2,2.451200817470197,1.6871588013481211,3.3053719301047146,30,3,0.20158012257762398,2000,"[2.2421070652537876, 2.6443162992265488, 2.4671790879302553]"
vision_world_model,test_geometry_ood,interval_peak_mae_N_h3,2.523635714981291,1.732106688791955,3.401189824199235,30,3,0.18499782944352244,2000,"[2.3363827917310926, 2.7062928114997016, 2.5282315417130787]"
vision_world_model,test_geometry_ood,interval_peak_mae_N_h4,2.5270924161540136,1.7438771512497355,3.402341971292539,30,3,0.156392498642155,2000,"[2.369380745357937, 2.6821314866012997, 2.5297650165028043]"
vision_world_model,test_geometry_ood,interval_peak_mae_N_h5,2.553062621774497,1.7741441328884273,3.4332636588999517,30,3,0.1312144753261206,2000,"[2.4271000756820045, 2.6889638253715304, 2.543123964269956]"
vision_world_model,test_geometry_ood,joint_episode_coverage,0.8333333333333334,0.7444444444444445,0.9111111111111111,30,3,0.1527525231651947,2000,"[0.8666666666666667, 0.9666666666666667, 0.6666666666666666]"
vision_world_model,test_geometry_ood,peak_episode_coverage,0.9555555555555556,0.888888888888889,1.0,30,3,0.01924500897298752,2000,"[0.9666666666666667, 0.9666666666666667, 0.9333333333333333]"
vision_world_model,test_id,contact_forecast_fraction,0.4688888888888889,0.3591111111111111,0.5722277777777777,30,3,0.0,2000,"[0.4688888888888889, 0.4688888888888889, 0.4688888888888889]"
vision_world_model,test_id,contact_phase_endpoint_force_mae_N,1.937223495147375,1.5696357632024656,2.344062766266489,30,3,0.036564714390376715,2000,"[1.9457227591964774, 1.9687900636669566, 1.8971576625786908]"
vision_world_model,test_id,endpoint_force_mae_N,0.9392943398787605,0.6775473369794737,1.2240729112315822,30,3,0.020755646080059056,2000,"[0.9346260682562952, 0.9619865766388743, 0.9212703747411121]"
vision_world_model,test_id,endpoint_force_mae_N_h1,0.920226676221477,0.6602320257153946,1.206112949412855,30,3,0.028438495070656353,2000,"[0.9141245016864398, 0.9512209308352666, 0.8953345961427247]"
vision_world_model,test_id,endpoint_force_mae_N_h2,0.9170311722633958,0.6583868824510639,1.19812005671689,30,3,0.02304092850163325,2000,"[0.9105755530921225, 0.942611344633624, 0.8979066190644409]"
vision_world_model,test_id,endpoint_force_mae_N_h3,0.9392236467213283,0.6766756601525067,1.2260112412616049,30,3,0.016974971465175435,2000,"[0.9361290515326308, 0.9575330225492104, 0.9240088660821439]"
vision_world_model,test_id,endpoint_force_mae_N_h4,0.9588784196142561,0.6905561327515203,1.2462755084819201,30,3,0.016985646812690193,2000,"[0.954661967418398, 0.977575146120766, 0.9443981453036044]"
vision_world_model,test_id,endpoint_force_mae_N_h5,0.9611117845733453,0.6971630755417613,1.2455292213048246,30,3,0.018391924478321154,2000,"[0.9576392675518851, 0.9809924390555049, 0.9447036471126463]"
vision_world_model,test_id,height_episode_coverage,1.0,1.0,1.0,30,3,0.0,2000,"[1.0, 1.0, 1.0]"
vision_world_model,test_id,height_mae_m,0.0032247695515538063,0.0025493432642359507,0.0038370953511684667,30,3,0.0008982720454835145,2000,"[0.004261793690449041, 0.0026881365216298338, 0.002724378442582545]"
vision_world_model,test_id,height_mae_m_h1,0.0026506162198213,0.0021433050935773753,0.003117191313521794,30,3,0.000665222697040868,2000,"[0.003399738570054372, 0.0021289733839027275, 0.0024231367055068]"
vision_world_model,test_id,height_mae_m_h2,0.002837707880343832,0.0022541442196353377,0.0033814575588379807,30,3,0.0007559510431951305,2000,"[0.00370684911862352, 0.002333086489266457, 0.0024731880331415193]"
vision_world_model,test_id,height_mae_m_h3,0.003162732562405937,0.0024900250189244548,0.0037681309656893256,30,3,0.0009055302146758238,2000,"[0.00420808720208394, 0.0026198011647405412, 0.002660309320393329]"
vision_world_model,test_id,height_mae_m_h4,0.003539822262903693,0.0027644200610218964,0.004261491087409214,30,3,0.0010208786615112852,2000,"[0.004716471714847204, 0.003013265586600432, 0.0028897294872634424]"
vision_world_model,test_id,height_mae_m_h5,0.003932968832294271,0.0030436444748985297,0.004761057099699663,30,3,0.0011677754684752484,2000,"[0.005277821846636168, 0.003345555983639012, 0.0031755286666076345]"
vision_world_model,test_id,interval_peak_mae_N,2.566501868036058,1.8462128188468792,3.3500769506461094,30,3,0.07966971161386191,2000,"[2.556915058824751, 2.650531203667323, 2.4920593416161005]"
vision_world_model,test_id,interval_peak_mae_N_h1,2.5181617188453678,1.7868709060141332,3.2846895342910734,30,3,0.10810370987980128,2000,"[2.5053268563747406, 2.632109898328781, 2.4170484018325804]"
vision_world_model,test_id,interval_peak_mae_N_h2,2.5161471447679733,1.7897705431591582,3.280141112600212,30,3,0.08800320001509532,2000,"[2.5055556490686204, 2.608966765801112, 2.433919019434187]"
vision_world_model,test_id,interval_peak_mae_N_h3,2.5687127802990104,1.8400518488663216,3.3564941286643344,30,3,0.06622690723909923,2000,"[2.563504619333479, 2.637389998568429, 2.505243722995122]"
vision_world_model,test_id,interval_peak_mae_N_h4,2.6053618438597077,1.8638647975822291,3.391216424270912,30,3,0.06591868505948002,2000,"[2.594676129553053, 2.6759705777963, 2.54543882422977]"
vision_world_model,test_id,interval_peak_mae_N_h5,2.6241258524082323,1.8930538480955144,3.3947215426133726,30,3,0.07018359346279725,2000,"[2.6155120397938623, 2.698218777841992, 2.5586467395888435]"
vision_world_model,test_id,joint_episode_coverage,0.9888888888888889,0.9666666666666667,1.0,30,3,0.01924500897298752,2000,"[1.0, 1.0, 0.9666666666666667]"
vision_world_model,test_id,peak_episode_coverage,0.9888888888888889,0.9666666666666667,1.0,30,3,0.01924500897298752,2000,"[1.0, 1.0, 0.9666666666666667]"
vision_world_model,test_physics_ood,contact_forecast_fraction,0.5797777777777777,0.49844444444444447,0.641561111111111,30,3,0.0,2000,"[0.5797777777777777, 0.5797777777777777, 0.5797777777777777]"
vision_world_model,test_physics_ood,contact_phase_endpoint_force_mae_N,2.081994646613738,1.7004996084118515,2.444251863156553,30,3,0.06329382715839901,2000,"[2.0368670031879423, 2.1543453180510657, 2.0547716186022056]"
vision_world_model,test_physics_ood,endpoint_force_mae_N,1.2304004838457214,0.9646069764556177,1.4910228751826358,30,3,0.04281819618997617,2000,"[1.198596129920161, 1.2790861967449525, 1.2135191248720512]"
vision_world_model,test_physics_ood,endpoint_force_mae_N_h1,1.1959237384116048,0.9289214935858624,1.4553685814668638,30,3,0.046294240203080865,2000,"[1.1574641431085075, 1.2473063170132055, 1.1830007551131012]"
vision_world_model,test_physics_ood,endpoint_force_mae_N_h2,1.2004614331416876,0.9336277620624952,1.4655738837263994,30,3,0.05600822441978604,2000,"[1.1541507399001987, 1.2627116767603352, 1.1845218827645294]"
vision_world_model,test_physics_ood,endpoint_force_mae_N_h3,1.2364020040503523,0.9698000619327416,1.5017914851187486,30,3,0.04511038531150238,2000,"[1.2003305614144644, 1.2869813135628485, 1.2218941371737444]"
vision_world_model,test_physics_ood,endpoint_force_mae_N_h4,1.2489713252049348,0.9854181821121931,1.5093484746039922,30,3,0.03849502601769866,2000,"[1.222724988005055, 1.2931623930868659, 1.2310265945228833]"
vision_world_model,test_physics_ood,endpoint_force_mae_N_h5,1.2702439184200283,1.0101409152889569,1.5256271829776995,30,3,0.030841646680514003,2000,"[1.25831021717258, 1.3052692833015074, 1.2471522547859974]"
vision_world_model,test_physics_ood,height_episode_coverage,0.9333333333333332,0.8666666666666667,0.9888888888888889,30,3,0.06666666666666665,2000,"[0.9333333333333333, 1.0, 0.8666666666666667]"
vision_world_model,test_physics_ood,height_mae_m,0.004663793004044069,0.003953103384279489,0.005350494364625814,30,3,0.0013674045464957272,2000,"[0.006238625759543437, 0.0037777787666224564, 0.003974974485966312]"
vision_world_model,test_physics_ood,height_mae_m_h1,0.004032176803750055,0.0033865354620804147,0.004661965880661565,30,3,0.0008643399005662835,2000,"[0.005007877594066991, 0.0033624213796833325, 0.003726231437499842]"
vision_world_model,test_physics_ood,height_mae_m_h2,0.004196475397787894,0.0035388588224490782,0.004832008365742325,30,3,0.0011681040141429935,2000,"[0.005532511227647774, 0.0033680729952821923, 0.003688841970433714]"
vision_world_model,test_physics_ood,height_mae_m_h3,0.004555004762177878,0.003861215816286926,0.00522988340180449,30,3,0.0014718004491870583,2000,"[0.006244759412365966, 0.0035528268367892857, 0.003867428037378381]"
vision_world_model,test_physics_ood,height_mae_m_h4,0.005005303383815636,0.004230029275569703,0.005736862323039936,30,3,0.0016226723957567355,2000,"[0.006878322693066568, 0.0040250363945961, 0.0041125510637842425]"
vision_world_model,test_physics_ood,height_mae_m_h5,0.005530004672688881,0.004698165840724228,0.006331568057820766,30,3,0.0017324825042180606,2000,"[0.007529657870569887, 0.004580536226761372, 0.004479819920735382]"
vision_world_model,test_physics_ood,interval_peak_mae_N,2.9770326157410936,2.255809151199129,3.693375851564937,30,3,0.14320454734287874,2000,"[2.8943812572956085, 3.142390980535083, 2.89432560939259]"
vision_world_model,test_physics_ood,interval_peak_mae_N_h1,2.927941497652619,2.182432248481998,3.6501301293737356,30,3,0.1583394013362155,2000,"[2.824096159272724, 3.11018483016226, 2.849543503522873]"
vision_world_model,test_physics_ood,interval_peak_mae_N_h2,2.9242003750801087,2.195423031851097,3.634124710097357,30,3,0.18034782647525557,2000,"[2.8020389372772643, 3.1313385342227087, 2.839223653740353]"
vision_world_model,test_physics_ood,interval_peak_mae_N_h3,2.9850682212688304,2.2675962640356135,3.7011126119185365,30,3,0.14697611969408175,2000,"[2.8879529314570958, 3.1541598660416073, 2.9130918663077883]"
vision_world_model,test_physics_ood,interval_peak_mae_N_h4,2.998042488716267,2.2743328370838256,3.706993420138403,30,3,0.13039796396967746,2000,"[2.929309242963791, 3.1484282251199085, 2.916389998065101]"
vision_world_model,test_physics_ood,interval_peak_mae_N_h5,3.049910495987645,2.3345682468568834,3.754006322868444,30,3,0.10882216952346656,2000,"[3.028509015507168, 3.1678434471289316, 2.953379025326835]"
vision_world_model,test_physics_ood,joint_episode_coverage,0.9111111111111111,0.8333333333333334,0.9777777777777779,30,3,0.0838870492807861,2000,"[0.9, 1.0, 0.8333333333333334]"
vision_world_model,test_physics_ood,peak_episode_coverage,0.9666666666666668,0.9111111111111111,1.0,30,3,0.033333333333333326,2000,"[0.9666666666666667, 1.0, 0.9333333333333333]"
visuotactile_persistence,test_combined_ood,contact_forecast_fraction,0.3397777777777778,0.23154999999999998,0.44889444444444443,30,3,0.0,2000,"[0.3397777777777778, 0.3397777777777778, 0.3397777777777778]"
visuotactile_persistence,test_combined_ood,contact_phase_endpoint_force_mae_N,0.3897853153899559,0.2843136506249686,0.5356328630910724,30,3,6.798699777552591e-17,2000,"[0.38978531538995587, 0.38978531538995587, 0.38978531538995587]"
visuotactile_persistence,test_combined_ood,endpoint_force_mae_N,0.13244038827360943,0.07477650196453862,0.1995552249431441,30,3,0.0,2000,"[0.13244038827360943, 0.13244038827360943, 0.13244038827360943]"
visuotactile_persistence,test_combined_ood,endpoint_force_mae_N_h1,0.08901802518236863,0.047282167687011815,0.14093736957994943,30,3,1.6996749443881478e-17,2000,"[0.08901802518236865, 0.08901802518236865, 0.08901802518236865]"
visuotactile_persistence,test_combined_ood,endpoint_force_mae_N_h2,0.10929438429479314,0.05899189813069447,0.17189183244337228,30,3,0.0,2000,"[0.10929438429479314, 0.10929438429479314, 0.10929438429479314]"
visuotactile_persistence,test_combined_ood,endpoint_force_mae_N_h3,0.13287260102089257,0.07352498654932627,0.20289668515316117,30,3,0.0,2000,"[0.13287260102089257, 0.13287260102089257, 0.13287260102089257]"
visuotactile_persistence,test_combined_ood,endpoint_force_mae_N_h4,0.15943499226101537,0.08864189994518744,0.24212850603653618,30,3,0.0,2000,"[0.15943499226101537, 0.15943499226101537, 0.15943499226101537]"
visuotactile_persistence,test_combined_ood,endpoint_force_mae_N_h5,0.1715819386089775,0.10114937947110565,0.25005142825436305,30,3,3.3993498887762956e-17,2000,"[0.17158193860897747, 0.17158193860897747, 0.17158193860897747]"
visuotactile_persistence,test_combined_ood,height_mae_m,0.004456201345374143,0.003310164562531766,0.005590137624888113,30,3,0.0005347577399746002,2000,"[0.004057792708216261, 0.005063962586353429, 0.00424684874155274]"
visuotactile_persistence,test_combined_ood,height_mae_m_h1,0.0035684261188510358,0.002729198108165562,0.004469157184846321,30,3,0.000722570714259318,2000,"[0.0029683574805191406, 0.004370502925335636, 0.0033664179506983295]"
visuotactile_persistence,test_combined_ood,height_mae_m_h2,0.003853264623235359,0.0029208902757546402,0.004797259600679725,30,3,0.0006548308984226036,2000,"[0.003339547951893312, 0.004590617383138225, 0.003629628534674541]"
visuotactile_persistence,test_combined_ood,height_mae_m_h3,0.004348342815221124,0.0032293254674635443,0.005452320538320675,30,3,0.0005301093662193606,2000,"[0.003966633341931609, 0.004953612016688567, 0.0041247830870431955]"
visuotactile_persistence,test_combined_ood,height_mae_m_h4,0.004932115840816146,0.0035979952179676965,0.006234192058540497,30,3,0.00042117637701468764,2000,"[0.004648844710868111, 0.005416107420427983, 0.004731395391152344]"
visuotactile_persistence,test_combined_ood,height_mae_m_h5,0.005578857328747054,0.004028759184446783,0.007109098246660895,30,3,0.0003552658441293414,2000,"[0.005365580055869133, 0.005988973186176736, 0.005382018744195294]"
visuotactile_persistence,test_combined_ood,interval_peak_mae_N,0.7037529077309149,0.38881589692323293,1.1002355174271041,30,3,0.07916781534381515,2000,"[0.6930522432459725, 0.7877268040047751, 0.630479675941997]"
visuotactile_persistence,test_combined_ood,interval_peak_mae_N_h1,0.6457966999654418,0.3550502485334873,1.0199054743482,30,3,0.07929652277900355,2000,"[0.6360275647375319, 0.729525173637602, 0.571837361521191]"
visuotactile_persistence,test_combined_ood,interval_peak_mae_N_h2,0.6667307285026268,0.3662523758267915,1.0505882188755054,30,3,0.07955966295834212,2000,"[0.6566034219000074, 0.7508691452609169, 0.5927196183469561]"
visuotactile_persistence,test_combined_ood,interval_peak_mae_N_h3,0.6990443859276949,0.3857730930017101,1.0881953831237772,30,3,0.08002920440320765,2000,"[0.6882263395521376, 0.7839323431915707, 0.6249744750393762]"
visuotactile_persistence,test_combined_ood,interval_peak_mae_N_h4,0.7350962654528793,0.4042514874697835,1.1508816914000992,30,3,0.07922346172804313,2000,"[0.724069186647733, 0.8192555901077059, 0.6619640196031994]"
visuotactile_persistence,test_combined_ood,interval_peak_mae_N_h5,0.7720964588059319,0.4318744778379246,1.1925585590479546,30,3,0.07774459550406217,2000,"[0.7603347033924527, 0.8550517678260803, 0.7009029051992628]"
visuotactile_persistence,test_geometry_ood,contact_forecast_fraction,0.4928888888888889,0.3915388888888888,0.5822277777777777,30,3,0.0,2000,"[0.4928888888888889, 0.4928888888888889, 0.4928888888888889]"
visuotactile_persistence,test_geometry_ood,contact_phase_endpoint_force_mae_N,0.5950592953719551,0.41355355148657663,0.7786483749528775,30,3,0.0,2000,"[0.5950592953719551, 0.5950592953719551, 0.5950592953719551]"
visuotactile_persistence,test_geometry_ood,endpoint_force_mae_N,0.2932981149188881,0.18770841220620874,0.41011564741062523,30,3,0.0,2000,"[0.2932981149188881, 0.2932981149188881, 0.2932981149188881]"
visuotactile_persistence,test_geometry_ood,endpoint_force_mae_N_h1,0.2332924171112892,0.13581257893338786,0.3430364641711769,30,3,3.3993498887762956e-17,2000,"[0.23329241711128917, 0.23329241711128917, 0.23329241711128917]"
visuotactile_persistence,test_geometry_ood,endpoint_force_mae_N_h2,0.27507391439099727,0.16449160506641622,0.4050745693657847,30,3,0.0,2000,"[0.27507391439099727, 0.27507391439099727, 0.27507391439099727]"
visuotactile_persistence,test_geometry_ood,endpoint_force_mae_N_h3,0.2950442501844804,0.1891448195705867,0.4132465125934773,30,3,0.0,2000,"[0.2950442501844804, 0.2950442501844804, 0.2950442501844804]"
visuotactile_persistence,test_geometry_ood,endpoint_force_mae_N_h4,0.3038196232218157,0.20360852553668168,0.4066363002138796,30,3,0.0,2000,"[0.3038196232218157, 0.3038196232218157, 0.3038196232218157]"
visuotactile_persistence,test_geometry_ood,endpoint_force_mae_N_h5,0.359260369685858,0.23410806114538746,0.49644986829221127,30,3,6.798699777552591e-17,2000,"[0.35926036968585795, 0.35926036968585795, 0.35926036968585795]"
visuotactile_persistence,test_geometry_ood,height_mae_m,0.006794562822707964,0.00537763634383505,0.008193401323349045,30,3,0.0004838046354231622,2000,"[0.007040646675424392, 0.007105858297837484, 0.006237183494862014]"
visuotactile_persistence,test_geometry_ood,height_mae_m_h1,0.0052150277034120835,0.004023123951185241,0.006406197061858149,30,3,0.00050216147905195,2000,"[0.0053349960511938355, 0.005646339619157111, 0.004663747439885305]"
visuotactile_persistence,test_geometry_ood,height_mae_m_h2,0.005839918512469416,0.004565040199084184,0.007099032074354234,30,3,0.00047568225426828655,2000,"[0.005998815645968231, 0.006215813094070957, 0.005305126797369061]"
visuotactile_persistence,test_geometry_ood,height_mae_m_h3,0.006679699909851748,0.005276091808541054,0.008060783714557249,30,3,0.00047358323090996966,2000,"[0.006943573967889986, 0.0069625627575442195, 0.006132963004121039]"
visuotactile_persistence,test_geometry_ood,height_mae_m_h4,0.007615596068218884,0.006055137560229923,0.009142957200155823,30,3,0.000497657444238843,2000,"[0.007945604067483347, 0.00785800337442197, 0.007043180762751338]"
visuotactile_persistence,test_geometry_ood,height_mae_m_h5,0.008622571919587681,0.0069044843554077456,0.010317193669821048,30,3,0.0005081575669976365,2000,"[0.008980243644586557, 0.008846572643993163, 0.008040899470183325]"
visuotactile_persistence,test_geometry_ood,interval_peak_mae_N,1.1951542303518012,0.7433410134409313,1.7050647111317623,30,3,0.24298832573291052,2000,"[0.9652385469675064, 1.4493866581784354, 1.170837485909462]"
visuotactile_persistence,test_geometry_ood,interval_peak_mae_N_h1,1.0935605835693853,0.6599767558072452,1.5878562807672552,30,3,0.24397648667463315,2000,"[0.8625392823086845, 1.3487007254362107, 1.069441742963261]"
visuotactile_persistence,test_geometry_ood,interval_peak_mae_N_h2,1.1403425156849403,0.7001315237344414,1.637091607593276,30,3,0.24466865610768854,2000,"[0.9095525323682361, 1.3968570984072155, 1.114617916279369]"
visuotactile_persistence,test_geometry_ood,interval_peak_mae_N_h3,1.2009672969579697,0.7491739265212307,1.715886894759756,30,3,0.24410362718770817,2000,"[0.9704496687650681, 1.456699589424663, 1.1757526326841778]"
visuotactile_persistence,test_geometry_ood,interval_peak_mae_N_h4,1.2415225760583526,0.7892047484837197,1.758456289672189,30,3,0.24185466867763977,2000,"[1.0126846288310156, 1.4945726291338604, 1.2173104702101814]"
visuotactile_persistence,test_geometry_ood,interval_peak_mae_N_h5,1.2993781794883585,0.8328581408052533,1.8362055111317719,30,3,0.24034640873499347,2000,"[1.0709666225645278, 1.5501032484902275, 1.2770646674103208]"
visuotactile_persistence,test_id,contact_forecast_fraction,0.4688888888888889,0.3591111111111111,0.5722277777777777,30,3,0.0,2000,"[0.4688888888888889, 0.4688888888888889, 0.4688888888888889]"
visuotactile_persistence,test_id,contact_phase_endpoint_force_mae_N,0.22711498944182976,0.17263931439704608,0.2931356784041681,30,3,3.3993498887762956e-17,2000,"[0.22711498944182978, 0.22711498944182978, 0.22711498944182978]"
visuotactile_persistence,test_id,endpoint_force_mae_N,0.10649169504939131,0.07147515026921303,0.14493339748738282,30,3,1.6996749443881478e-17,2000,"[0.1064916950493913, 0.1064916950493913, 0.1064916950493913]"
visuotactile_persistence,test_id,endpoint_force_mae_N_h1,0.05235146603124493,0.027912100422804037,0.08408403718098563,30,3,8.498374721940739e-18,2000,"[0.05235146603124492, 0.05235146603124492, 0.05235146603124492]"
visuotactile_persistence,test_id,endpoint_force_mae_N_h2,0.07530575405996016,0.0469848518488256,0.10859369816366339,30,3,0.0,2000,"[0.07530575405996016, 0.07530575405996016, 0.07530575405996016]"
visuotactile_persistence,test_id,endpoint_force_mae_N_h3,0.1021157442675731,0.068504472626011,0.1388866692516948,30,3,0.0,2000,"[0.1021157442675731, 0.1021157442675731, 0.1021157442675731]"
visuotactile_persistence,test_id,endpoint_force_mae_N_h4,0.14018769327999542,0.09555644011194386,0.18941499346804677,30,3,0.0,2000,"[0.14018769327999542, 0.14018769327999542, 0.14018769327999542]"
visuotactile_persistence,test_id,endpoint_force_mae_N_h5,0.1624978176081829,0.11310499916109688,0.21556040885956967,30,3,0.0,2000,"[0.1624978176081829, 0.1624978176081829, 0.1624978176081829]"
visuotactile_persistence,test_id,height_mae_m,0.004211975687917503,0.0034224614827663806,0.004896213135712,30,3,0.000265142054238442,2000,"[0.004090718506080318, 0.00451606440044836, 0.0040291441572238304]"
visuotactile_persistence,test_id,height_mae_m_h1,0.002269186881765361,0.0019516960895421946,0.0025539535071595174,30,3,0.00022702536570098856,2000,"[0.002134579997736081, 0.002531301146761204, 0.0021416795007987983]"
visuotactile_persistence,test_id,height_mae_m_h2,0.003136209244104167,0.0026042781076592763,0.0035976707412152154,30,3,0.00025357237061677737,2000,"[0.003044959476481179, 0.0034227782232402306, 0.002940890032591091]"
visuotactile_persistence,test_id,height_mae_m_h3,0.004130173189817773,0.0033655516620743177,0.004796604070542444,30,3,0.00027176391331040886,2000,"[0.004018913497339883, 0.004439912432183822, 0.003931693639929614]"
visuotactile_persistence,test_id,height_mae_m_h4,0.005192184809719846,0.004161700972725158,0.006089764031559752,30,3,0.0002882097276589446,2000,"[0.005056935536542571, 0.005523144921882906, 0.004996473970734061]"
visuotactile_persistence,test_id,height_mae_m_h5,0.006332124314180368,0.005020093500132605,0.007471918467226109,30,3,0.00028844449297814784,2000,"[0.006198204022301879, 0.00666318527817364, 0.006134983642065587]"
visuotactile_persistence,test_id,interval_peak_mae_N,0.4439973138350028,0.33358665800425746,0.576566162574291,30,3,0.017112666343020926,2000,"[0.4272515042093065, 0.44328579547670155, 0.46145464181900026]"
visuotactile_persistence,test_id,interval_peak_mae_N_h1,0.3376417944607912,0.2520766174936736,0.4508791553609901,30,3,0.019126858428773055,2000,"[0.3195564067363739, 0.33570606509844464, 0.35766291154755486]"
visuotactile_persistence,test_id,interval_peak_mae_N_h2,0.3833562745429851,0.2866469533962232,0.5066420993473791,30,3,0.01775462454828897,2000,"[0.3661961844232347, 0.38222163107660084, 0.40165100812911986]"
visuotactile_persistence,test_id,interval_peak_mae_N_h3,0.4225776020685832,0.3152402928769588,0.5463160890958925,30,3,0.01636266193446012,2000,"[0.4063340127468109, 0.4223420011997223, 0.4390567922592163]"
visuotactile_persistence,test_id,interval_peak_mae_N_h4,0.5065067593256632,0.3805412165632954,0.6522992571084587,30,3,0.016414858155367015,2000,"[0.4901559139622582, 0.5063794740041097, 0.5229848900106218]"
visuotactile_persistence,test_id,interval_peak_mae_N_h5,0.5699041387769911,0.4297419765977948,0.7311038791956723,30,3,0.015951665399120057,2000,"[0.5540150031778548, 0.5697798060046302, 0.5859176071484884]"
visuotactile_persistence,test_physics_ood,contact_forecast_fraction,0.5797777777777777,0.49844444444444447,0.641561111111111,30,3,0.0,2000,"[0.5797777777777777, 0.5797777777777777, 0.5797777777777777]"
visuotactile_persistence,test_physics_ood,contact_phase_endpoint_force_mae_N,0.22867506113349242,0.19894167363021803,0.26055170500830094,30,3,0.0,2000,"[0.22867506113349242, 0.22867506113349242, 0.22867506113349242]"
visuotactile_persistence,test_physics_ood,endpoint_force_mae_N,0.13258071877717373,0.10747734094913824,0.15656405710322024,30,3,0.0,2000,"[0.13258071877717373, 0.13258071877717373, 0.13258071877717373]"
visuotactile_persistence,test_physics_ood,endpoint_force_mae_N_h1,0.05689097172035232,0.03982872042863864,0.0772102802425307,30,3,0.0,2000,"[0.05689097172035232, 0.05689097172035232, 0.05689097172035232]"
visuotactile_persistence,test_physics_ood,endpoint_force_mae_N_h2,0.09705146434634958,0.07337382217320663,0.12134015638776247,30,3,0.0,2000,"[0.09705146434634958, 0.09705146434634958, 0.09705146434634958]"
visuotactile_persistence,test_physics_ood,endpoint_force_mae_N_h3,0.14141431357613463,0.1135427703179238,0.16794021416248436,30,3,0.0,2000,"[0.14141431357613463, 0.14141431357613463, 0.14141431357613463]"
visuotactile_persistence,test_physics_ood,endpoint_force_mae_N_h4,0.169870519936877,0.13864411868535642,0.1972931181470039,30,3,3.3993498887762956e-17,2000,"[0.16987051993687702, 0.16987051993687702, 0.16987051993687702]"
visuotactile_persistence,test_physics_ood,endpoint_force_mae_N_h5,0.1976763243061551,0.163004567450598,0.2289897326850084,30,3,3.3993498887762956e-17,2000,"[0.19767632430615506, 0.19767632430615506, 0.19767632430615506]"
visuotactile_persistence,test_physics_ood,height_mae_m,0.005679145959351983,0.004961617686908842,0.006258015037030404,30,3,0.0002775503781401273,2000,"[0.005421388472016487, 0.0059729641485674724, 0.005643085257471992]"
visuotactile_persistence,test_physics_ood,height_mae_m_h1,0.0032226976459733794,0.0028011525865319223,0.003626008553327766,30,3,0.0002057417348485391,2000,"[0.0030007886972614668, 0.003407116229387207, 0.0032601880112714653]"
visuotactile_persistence,test_physics_ood,height_mae_m_h2,0.004352088411051901,0.003796059371755325,0.004831525770859487,30,3,0.0002677916412761541,2000,"[0.004107649686209495, 0.004638318887381401, 0.004310296659564806]"
visuotactile_persistence,test_physics_ood,height_mae_m_h3,0.005605119335892528,0.004901342385158758,0.00618694253366825,30,3,0.00028708853908040473,2000,"[0.005349006489527205, 0.005915451612430236, 0.005550899905720144]"
visuotactile_persistence,test_physics_ood,height_mae_m_h4,0.006914002955217492,0.006025472962484652,0.007598949491254273,30,3,0.0003076808533858421,2000,"[0.00664000906603178, 0.00724686469771162, 0.006855135101909077]"
visuotactile_persistence,test_physics_ood,height_mae_m_h5,0.008301821448624616,0.0072367744320411785,0.009111505748830732,30,3,0.000328342750255412,2000,"[0.008009488421052487, 0.008657069315926896, 0.008238906608894467]"
visuotactile_persistence,test_physics_ood,interval_peak_mae_N,0.7883947471071173,0.6023207165137485,0.9876618137538433,30,3,0.11953078096870015,2000,"[0.8519307970205943, 0.8627398003737132, 0.6505136439270444]"
visuotactile_persistence,test_physics_ood,interval_peak_mae_N_h1,0.6498500175387771,0.47648509827697716,0.8385353286078683,30,3,0.11955666043541652,2000,"[0.7158374136024052, 0.721870807674196, 0.5118418313397302]"
visuotactile_persistence,test_physics_ood,interval_peak_mae_N_h2,0.7120156648865453,0.5374316761835857,0.9043280957727522,30,3,0.1197901175469529,2000,"[0.7768173424402872, 0.7854459614223904, 0.5737836907969581]"
visuotactile_persistence,test_physics_ood,interval_peak_mae_N_h3,0.7936991928241871,0.6057267059816254,0.9910972685471727,30,3,0.11980402435206437,2000,"[0.8566315029727088, 0.8689225288232167, 0.6555435466766357]"
visuotactile_persistence,test_physics_ood,interval_peak_mae_N_h4,0.860332738381845,0.6685990064629802,1.0668075895265297,30,3,0.11965489867475838,2000,"[0.9228315309683481, 0.9357966049512227, 0.722370079225964]"
visuotactile_persistence,test_physics_ood,interval_peak_mae_N_h5,0.9260761219042318,0.7177134958163456,1.1441346880142338,30,3,0.11889622724018921,2000,"[0.987536195119222, 1.00166309899754, 0.7890290715959337]"
visuotactile_shuffled_touch,test_combined_ood,contact_forecast_fraction,0.3397777777777778,0.23154999999999998,0.44889444444444443,30,3,0.0,2000,"[0.3397777777777778, 0.3397777777777778, 0.3397777777777778]"
visuotactile_shuffled_touch,test_combined_ood,contact_phase_endpoint_force_mae_N,2.7967243521030647,1.969811940574004,3.739966564067498,30,3,0.031029925883523306,2000,"[2.790343077780534, 2.769381142407892, 2.830448836120768]"
visuotactile_shuffled_touch,test_combined_ood,endpoint_force_mae_N,1.406145467288966,0.9847040052856649,1.8463796659558966,30,3,0.01922452824133973,2000,"[1.4045157104809596, 1.3877876983624065, 1.426132993023532]"
visuotactile_shuffled_touch,test_combined_ood,endpoint_force_mae_N_h1,1.4073325451771026,0.9832360977041923,1.8430338138419542,30,3,0.017472657595384373,2000,"[1.4096246611017353, 1.388826953324541, 1.4235460211050317]"
visuotactile_shuffled_touch,test_combined_ood,endpoint_force_mae_N_h2,1.3910179801109062,0.967620165807619,1.8296506695272885,30,3,0.01966686381203472,2000,"[1.388978284923446, 1.3724504525650776, 1.4116252028441953]"
visuotactile_shuffled_touch,test_combined_ood,endpoint_force_mae_N_h3,1.3989763228506507,0.9792201460071616,1.8400692575708504,30,3,0.019291956531796897,2000,"[1.3954221209390434, 1.3817085997483702, 1.4197982478645388]"
visuotactile_shuffled_touch,test_combined_ood,endpoint_force_mae_N_h4,1.4083470911232547,0.9859205436444408,1.8557789123802455,30,3,0.020267021747267876,2000,"[1.4066655516639972, 1.3889732253308305, 1.4294024963749365]"
visuotactile_shuffled_touch,test_combined_ood,endpoint_force_mae_N_h5,1.4250533971829153,1.0012828041622932,1.873781133290426,30,3,0.019847105083300353,2000,"[1.421887933776576, 1.4069792608432128, 1.4462929969289582]"
visuotactile_shuffled_touch,test_combined_ood,height_mae_m,0.02227868066105886,0.014125267441343589,0.03029439763332561,30,3,0.0012346141690470654,2000,"[0.021494924605723807, 0.023701852526924794, 0.02163926485052798]"
visuotactile_shuffled_touch,test_combined_ood,height_mae_m_h1,0.021994446467948296,0.013978712001166396,0.02982850978995561,30,3,0.0005295357705846072,2000,"[0.02149923987350323, 0.022552671647758364, 0.021931427882583295]"
visuotactile_shuffled_touch,test_combined_ood,height_mae_m_h2,0.022171384461258575,0.014037322717069065,0.030113661401931526,30,3,0.000988788015769179,2000,"[0.021517820269897736, 0.023308932938800556, 0.021687400175077427]"
visuotactile_shuffled_touch,test_combined_ood,height_mae_m_h3,0.02230100430246913,0.014103574089820606,0.030365687463040053,30,3,0.0013229915417354934,2000,"[0.021484477531468857, 0.02382742225853791, 0.02159111311740061]"
visuotactile_shuffled_touch,test_combined_ood,height_mae_m_h4,0.022403986236679847,0.014184566117484119,0.030517596866315146,30,3,0.001577696704506019,2000,"[0.021488799852070063, 0.02422574668503431, 0.021497412172935177]"
visuotactile_shuffled_touch,test_combined_ood,height_mae_m_h5,0.022522581836938452,0.01433197252137513,0.030638129819743846,30,3,0.0017943258573232155,2000,"[0.02148428550167915, 0.02459448910449282, 0.021488970904643388]"
visuotactile_shuffled_touch,test_combined_ood,interval_peak_mae_N,3.375345650452155,2.307858131902748,4.487191454170368,30,3,0.058140856530517517,2000,"[3.3821228800349767, 3.314113184928894, 3.4298008863925933]"
visuotactile_shuffled_touch,test_combined_ood,interval_peak_mae_N_h1,3.361977838012907,2.2976472178344376,4.459537667851757,30,3,0.03596882745680649,2000,"[3.3732521911462148, 3.3217224109172823, 3.390958911975225]"
visuotactile_shuffled_touch,test_combined_ood,interval_peak_mae_N_h2,3.3269371577103932,2.2726327325160858,4.430077030818771,30,3,0.05453175907197433,2000,"[3.3295390519830916, 3.2711510258250764, 3.3801213953230116]"
visuotactile_shuffled_touch,test_combined_ood,interval_peak_mae_N_h3,3.355636791653103,2.2887155450273444,4.465010436144141,30,3,0.06228597988708102,2000,"[3.360076848003599, 3.2912495879332226, 3.415583939022488]"
visuotactile_shuffled_touch,test_combined_ood,interval_peak_mae_N_h4,3.3975077533280404,2.3149854986325455,4.5147792460399625,30,3,0.06703699081268048,2000,"[3.404450102382236, 3.327269738382763, 3.460803419219123]"
visuotactile_shuffled_touch,test_combined_ood,interval_peak_mae_N_h5,3.4346687115563284,2.349868666280199,4.5572143650043895,30,3,0.0715728597260546,2000,"[3.443296206659741, 3.3591731615861256, 3.5015367664231194]"
visuotactile_shuffled_touch,test_geometry_ood,contact_forecast_fraction,0.4928888888888889,0.3915388888888888,0.5822277777777777,30,3,0.0,2000,"[0.4928888888888889, 0.4928888888888889, 0.4928888888888889]"
visuotactile_shuffled_touch,test_geometry_ood,contact_phase_endpoint_force_mae_N,2.8183274422453475,2.4601518451090763,3.1981655083331293,30,3,0.016948346455403832,2000,"[2.8214026610421805, 2.8000520396953203, 2.8335276259985416]"
visuotactile_shuffled_touch,test_geometry_ood,endpoint_force_mae_N,1.7581887310809048,1.4880105669379506,2.033022839049278,30,3,0.06464346834971489,2000,"[1.8045127176104427, 1.6843380388360971, 1.7857154367961747]"
visuotactile_shuffled_touch,test_geometry_ood,endpoint_force_mae_N_h1,1.7352516910674647,1.462887486037612,2.0034836664344033,30,3,0.059851159367736294,2000,"[1.7877684528642783, 1.6700876091029582, 1.7478990112351582]"
visuotactile_shuffled_touch,test_geometry_ood,endpoint_force_mae_N_h2,1.743374670166508,1.4769781181411967,2.012147449970765,30,3,0.06576059289277694,2000,"[1.7908679025443013, 1.6683177213306557, 1.770938386624567]"
visuotactile_shuffled_touch,test_geometry_ood,endpoint_force_mae_N_h3,1.7585168450048918,1.4919172877142957,2.031527606089043,30,3,0.06699203590436661,2000,"[1.8048960629614346, 1.6817113896664577, 1.7889430823867831]"
visuotactile_shuffled_touch,test_geometry_ood,endpoint_force_mae_N_h4,1.7682732708780504,1.497269508375453,2.042439853686919,30,3,0.06488184696798997,2000,"[1.8116576568881175, 1.693684949906267, 1.799477205839767]"
visuotactile_shuffled_touch,test_geometry_ood,endpoint_force_mae_N_h5,1.7855271782876097,1.5124596618214998,2.062016225969758,30,3,0.06730515012622143,2000,"[1.8273735127940827, 1.707888524174147, 1.8213194978945992]"
visuotactile_shuffled_touch,test_geometry_ood,height_mae_m,0.020714244696279315,0.01430489715051218,0.027944797306494615,30,3,0.001162157672958803,2000,"[0.01973597140748623, 0.021998897830852203, 0.020407864850499512]"
visuotactile_shuffled_touch,test_geometry_ood,height_mae_m_h1,0.020107186199931206,0.013895518426936718,0.0270096911242209,30,3,0.0004932377197955118,2000,"[0.019618638791531945, 0.020604984105221876, 0.02009793570303979]"
visuotactile_shuffled_touch,test_geometry_ood,height_mae_m_h2,0.020464080496523013,0.01405758571419574,0.027645549569035345,30,3,0.0009333355281285841,2000,"[0.019692127096544332, 0.02150134911974116, 0.020198765273283546]"
visuotactile_shuffled_touch,test_geometry_ood,height_mae_m_h3,0.020761524403949603,0.01424229150113765,0.028105579515544644,30,3,0.0012939954291958052,2000,"[0.019691947207514507, 0.022199876855156616, 0.02039274914917769]"
visuotactile_shuffled_touch,test_geometry_ood,height_mae_m_h4,0.02098370359779909,0.014408258064711577,0.028418192383899653,30,3,0.0014878806088218384,2000,"[0.019776170419677833, 0.022645858784639535, 0.0205290815890799]"
visuotactile_shuffled_touch,test_geometry_ood,height_mae_m_h5,0.021254728783193667,0.014685262545178745,0.028714604565548342,30,3,0.0016150533881982,2000,"[0.01990097352216253, 0.023042420289501833, 0.020820792537916633]"
visuotactile_shuffled_touch,test_geometry_ood,interval_peak_mae_N,4.036122753160972,3.250300201669667,4.807174941988124,30,3,0.17387130141484683,2000,"[4.161739311549399, 3.837680445604854, 4.108948502328661]"
visuotactile_shuffled_touch,test_geometry_ood,interval_peak_mae_N_h1,3.9477259301035494,3.1573836427099176,4.687141655743673,30,3,0.15604505231367893,2000,"[4.086449793444739, 3.778780738512675, 3.9779472583532334]"
visuotactile_shuffled_touch,test_geometry_ood,interval_peak_mae_N_h2,3.985614304586693,3.2111574953617876,4.743727831493925,30,3,0.16844476841429623,2000,"[4.108574204047521, 3.793618887000614, 4.054649822711944]"
visuotactile_shuffled_touch,test_geometry_ood,interval_peak_mae_N_h3,4.032759465685597,3.248540738856351,4.81441536792892,30,3,0.17722866384527428,2000,"[4.155827841493818, 3.8296250290340845, 4.112825526528888]"
visuotactile_shuffled_touch,test_geometry_ood,interval_peak_mae_N_h4,4.082302661780958,3.2846822316922526,4.870192138904774,30,3,0.18087446108865704,2000,"[4.205366189214918, 3.87463022324774, 4.166911572880215]"
visuotactile_shuffled_touch,test_geometry_ood,interval_peak_mae_N_h5,4.132211403648059,3.335301555731782,4.927900992481245,30,3,0.19119101012637055,2000,"[4.252478529545996, 3.9117473502291573, 4.232408331169022]"
visuotactile_shuffled_touch,test_id,contact_forecast_fraction,0.4688888888888889,0.3591111111111111,0.5722277777777777,30,3,0.0,2000,"[0.4688888888888889, 0.4688888888888889, 0.4688888888888889]"
visuotactile_shuffled_touch,test_id,contact_phase_endpoint_force_mae_N,2.7947033576593867,2.2245871211947814,3.383184864253292,30,3,0.03594672957531689,2000,"[2.755524501118733, 2.802421380482753, 2.826164191376674]"
visuotactile_shuffled_touch,test_id,endpoint_force_mae_N,1.9340742338375463,1.5954567865603189,2.289269508886715,30,3,0.02491375226602748,2000,"[1.9196808417489217, 1.9196997048329578, 1.9628421549307595]"
visuotactile_shuffled_touch,test_id,endpoint_force_mae_N_h1,1.9442440353789838,1.5999936727353052,2.3027094797750443,30,3,0.02623551810863668,2000,"[1.9350858709502414, 1.9238151502898997, 1.9738310848968104]"
visuotactile_shuffled_touch,test_id,endpoint_force_mae_N_h2,1.9220738726622788,1.5802806898654655,2.278980956977421,30,3,0.026233597050984613,2000,"[1.9108894165912729, 1.9032861382074446, 1.9520460631881185]"
visuotactile_shuffled_touch,test_id,endpoint_force_mae_N_h3,1.9261398910832834,1.587836794557189,2.286061396180363,30,3,0.0258187741720846,2000,"[1.9099533678156635, 1.912551214424376, 1.9559150910098106]"
visuotactile_shuffled_touch,test_id,endpoint_force_mae_N_h4,1.936850351729692,1.5987490119566372,2.2951335539744435,30,3,0.024720911985005787,2000,"[1.9196955259202946, 1.9256690335780364, 1.9651864956907446]"
visuotactile_shuffled_touch,test_id,endpoint_force_mae_N_h5,1.9410630183334945,1.604039453558182,2.2971541913479645,30,3,0.02325161201737541,2000,"[1.9227800274671365, 1.9331769876650327, 1.9672320398683143]"
visuotactile_shuffled_touch,test_id,height_mae_m,0.02774257549542623,0.01902131895694889,0.03652292713970867,30,3,0.0005141146095968441,2000,"[0.027495988827483313, 0.028333533338630028, 0.027398204320165355]"
visuotactile_shuffled_touch,test_id,height_mae_m_h1,0.026977380045325305,0.01831977468407961,0.03569220707308139,30,3,0.00033194384307365203,2000,"[0.0269012297616185, 0.027340782046926002, 0.026690128327431416]"
visuotactile_shuffled_touch,test_id,height_mae_m_h2,0.02738543300638277,0.018634062435283677,0.036174614604981566,30,3,0.0005112217800832914,2000,"[0.027228666896698995, 0.027956681152880063, 0.026970950969569255]"
visuotactile_shuffled_touch,test_id,height_mae_m_h3,0.027746775537530927,0.0190257487276804,0.03654296118840338,30,3,0.0005594496947308312,2000,"[0.027478747054054918, 0.028389812873016732, 0.027371766685521128]"
visuotactile_shuffled_touch,test_id,height_mae_m_h4,0.028114954647953036,0.0194204957894318,0.03690899623202643,30,3,0.0005779675802194483,2000,"[0.027783566114182274, 0.02878232884621765, 0.027778968983459183]"
visuotactile_shuffled_touch,test_id,height_mae_m_h5,0.028488334239939128,0.019804541383994987,0.03727422348994178,30,3,0.0006163413632749592,2000,"[0.028087734310861884, 0.029198061774109697, 0.028179206634845792]"
visuotactile_shuffled_touch,test_id,interval_peak_mae_N,5.21998729607794,4.208489667590901,6.279409379812522,30,3,0.07486694873976872,2000,"[5.181114276753531, 5.1725528382725185, 5.30629477320777]"
visuotactile_shuffled_touch,test_id,interval_peak_mae_N_h1,5.225990902715259,4.199022704482078,6.324362231070242,30,3,0.07589000105321332,2000,"[5.194711427688599, 5.170739963187112, 5.312521317270067]"
visuotactile_shuffled_touch,test_id,interval_peak_mae_N_h2,5.177520939155862,4.165588940155726,6.249156348126906,30,3,0.08090034043025456,2000,"[5.141633615626229, 5.120772298177084, 5.2701569036642715]"
visuotactile_shuffled_touch,test_id,interval_peak_mae_N_h3,5.207880819329509,4.200377238590408,6.278985722364099,30,3,0.07725748556432024,2000,"[5.166095325019625, 5.160515245199203, 5.297031887769699]"
visuotactile_shuffled_touch,test_id,interval_peak_mae_N_h4,5.233037587536706,4.220296171554812,6.304567432113267,30,3,0.07542963981518937,2000,"[5.189471352630191, 5.189505178928375, 5.320136231051551]"
visuotactile_shuffled_touch,test_id,interval_peak_mae_N_h5,5.255506231652365,4.240456830980601,6.323926899193613,30,3,0.06603159716434162,2000,"[5.213659662803014, 5.221231505870819, 5.331627526283264]"
visuotactile_shuffled_touch,test_physics_ood,contact_forecast_fraction,0.5797777777777777,0.49844444444444447,0.641561111111111,30,3,0.0,2000,"[0.5797777777777777, 0.5797777777777777, 0.5797777777777777]"
visuotactile_shuffled_touch,test_physics_ood,contact_phase_endpoint_force_mae_N,2.737047096872999,2.2437841757002586,3.2417382470795353,30,3,0.03933082405515668,2000,"[2.695477341607956, 2.7419927729391214, 2.7736711760719195]"
visuotactile_shuffled_touch,test_physics_ood,endpoint_force_mae_N,1.8130288711047708,1.4720489716055762,2.1532444785351306,30,3,0.03153710100617369,2000,"[1.790949780992715, 1.7989890606120331, 1.8491477717095641]"
visuotactile_shuffled_touch,test_physics_ood,endpoint_force_mae_N_h1,1.7975623546729877,1.4623324034836755,2.1296642675040545,30,3,0.024292091011355668,2000,"[1.7776195088737747, 1.790451100329972, 1.8246164548152162]"
visuotactile_shuffled_touch,test_physics_ood,endpoint_force_mae_N_h2,1.791219135251379,1.452027325779303,2.1292585807202333,30,3,0.027831036204370108,2000,"[1.774551775076737, 1.7757575236864527, 1.8233481069909478]"
visuotactile_shuffled_touch,test_physics_ood,endpoint_force_mae_N_h3,1.8079235101794755,1.46085927748732,2.157137551509923,30,3,0.032012109896924254,2000,"[1.7865363445940117, 1.7925073813457317, 1.844726804598683]"
visuotactile_shuffled_touch,test_physics_ood,endpoint_force_mae_N_h4,1.825612720058725,1.473369846372115,2.17180977725822,30,3,0.03464438288623127,2000,"[1.8016163636026559, 1.8098915111508083, 1.865330285422711]"
visuotactile_shuffled_touch,test_physics_ood,endpoint_force_mae_N_h5,1.8428266353612868,1.4963933927251212,2.185245145820501,30,3,0.039330035441542684,2000,"[1.8144249128163965, 1.8263377865472015, 1.8877172067202628]"
visuotactile_shuffled_touch,test_physics_ood,height_mae_m,0.009224162747500856,0.004216446416686004,0.015786020069843726,30,3,0.0010153502443357922,2000,"[0.008385730183843407, 0.010353103796983811, 0.008933654261675352]"
visuotactile_shuffled_touch,test_physics_ood,height_mae_m_h1,0.00859352547705553,0.0036267866660356822,0.01519421666281899,30,3,0.0004402704797438568,2000,"[0.008093497630648521, 0.00892302027812952, 0.008764058522388546]"
visuotactile_shuffled_touch,test_physics_ood,height_mae_m_h2,0.008900398491721176,0.003879560545754228,0.015514868407742901,30,3,0.0007577178939020065,2000,"[0.008215186323084506, 0.009714172932047708, 0.00877183622003132]"
visuotactile_shuffled_touch,test_physics_ood,height_mae_m_h3,0.009213079277927775,0.004193671729385541,0.015795928015239224,30,3,0.0010606889970985398,2000,"[0.008349294365802456, 0.010396947709507205, 0.008892995758473667]"
visuotactile_shuffled_touch,test_physics_ood,height_mae_m_h4,0.009540703458419389,0.004479831055504528,0.01618724132503929,30,3,0.0013334618573938699,2000,"[0.008535028127904904, 0.011053285335009504, 0.009033796912343758]"
visuotactile_shuffled_touch,test_physics_ood,height_mae_m_h5,0.009873107032380412,0.004811575664847624,0.016477273418081785,30,3,0.001580724768097089,2000,"[0.008735644471776646, 0.011678092730225116, 0.009205583895139475]"
visuotactile_shuffled_touch,test_physics_ood,interval_peak_mae_N,4.591888671980964,3.574151864909685,5.602400256662237,30,3,0.09123112005994978,2000,"[4.5267706597381165, 4.552734006961186, 4.696161349243588]"
visuotactile_shuffled_touch,test_physics_ood,interval_peak_mae_N_h1,4.556866266374235,3.5626319327597264,5.541077821452309,30,3,0.0698819300954714,2000,"[4.499112805657917, 4.536938412057029, 4.634547581407759]"
visuotactile_shuffled_touch,test_physics_ood,interval_peak_mae_N_h2,4.538272503261212,3.5181115396718186,5.545620603414597,30,3,0.08497309865014574,2000,"[4.480011611911985, 4.499031325446235, 4.635774572425419]"
visuotactile_shuffled_touch,test_physics_ood,interval_peak_mae_N_h3,4.567457718628424,3.5416360917080336,5.584192014292434,30,3,0.09227468894161817,2000,"[4.502288322581185, 4.527040152417289, 4.6730446808867985]"
visuotactile_shuffled_touch,test_physics_ood,interval_peak_mae_N_h4,4.619974001248678,3.5893802931794414,5.645077114898849,30,3,0.09940939997083893,2000,"[4.550602551963594, 4.5754578930801815, 4.733861558702257]"
visuotactile_shuffled_touch,test_physics_ood,interval_peak_mae_N_h5,4.67687287039227,3.647171397721326,5.69068704860078,30,3,0.1103502670685465,2000,"[4.601838006575902, 4.6252022518052, 4.803578352795707]"
visuotactile_world_model,test_combined_ood,contact_forecast_fraction,0.3397777777777778,0.23154999999999998,0.44889444444444443,30,3,0.0,2000,"[0.3397777777777778, 0.3397777777777778, 0.3397777777777778]"
visuotactile_world_model,test_combined_ood,contact_phase_endpoint_force_mae_N,0.9821697948197992,0.6216268235272288,1.4144227593775562,30,3,0.0964349167044801,2000,"[0.9320739026855274, 1.0933426173933984, 0.9210928643804717]"
visuotactile_world_model,test_combined_ood,endpoint_force_mae_N,0.360725959751939,0.2049382014536083,0.5501891129241996,30,3,0.035539746474033206,2000,"[0.34038039306634005, 0.40176323752798554, 0.34003424866149135]"
visuotactile_world_model,test_combined_ood,endpoint_force_mae_N_h1,0.3139755348535829,0.1705479517354009,0.4932122889271358,30,3,0.02684557523505883,2000,"[0.3060465412588652, 0.343892549932072, 0.2919875133698116]"
visuotactile_world_model,test_combined_ood,endpoint_force_mae_N_h2,0.3332446769134998,0.18122723422680959,0.5186640708614633,30,3,0.03554553666826624,2000,"[0.317295070844185, 0.37397146808186166, 0.30846749181445277]"
visuotactile_world_model,test_combined_ood,endpoint_force_mae_N_h3,0.3579871843344342,0.20222109745179787,0.5482904916732614,30,3,0.03801590229353401,2000,"[0.3376925317382578, 0.40184362118429917, 0.33442540008074567]"
visuotactile_world_model,test_combined_ood,endpoint_force_mae_N_h4,0.38579721684918317,0.22167858697173626,0.5840529744726128,30,3,0.040111637678040296,2000,"[0.35992068768340957, 0.43200329479519967, 0.36546766806894015]"
visuotactile_world_model,test_combined_ood,endpoint_force_mae_N_h5,0.4126251858089947,0.24251036536437745,0.6112394330445491,30,3,0.03966022581203317,2000,"[0.38094713380698253, 0.4571052536464952, 0.3998231699735064]"
visuotactile_world_model,test_combined_ood,height_episode_coverage,0.6666666666666666,0.5,0.8111111111111112,30,3,0.033333333333333326,2000,"[0.6333333333333333, 0.7, 0.6666666666666666]"
visuotactile_world_model,test_combined_ood,height_mae_m,0.0038586789758016863,0.0025906763681020862,0.005277183836710227,30,3,0.0011022696749411053,2000,"[0.0028582001483236025, 0.0050402993572238805, 0.003677537421857576]"
visuotactile_world_model,test_combined_ood,height_mae_m_h1,0.003460965566345193,0.0024125094391912612,0.004662460210718631,30,3,0.0008211179435033694,2000,"[0.0026731967519218517, 0.004311796248746557, 0.0033979036983671704]"
visuotactile_world_model,test_combined_ood,height_mae_m_h2,0.003686409741165806,0.00249308619855556,0.0050387730193488765,30,3,0.00100512750077635,2000,"[0.0027647466590537484, 0.004758129295789533, 0.0035363532686541375]"
visuotactile_world_model,test_combined_ood,height_mae_m_h3,0.003876845711988776,0.002581719813288213,0.005316670302549027,30,3,0.001126332303407799,2000,"[0.0028512983591645023, 0.0050823054125390225, 0.0036969333642628043]"
visuotactile_world_model,test_combined_ood,height_mae_m_h4,0.004043821605920568,0.0026779695668584383,0.005553926143533586,30,3,0.0012216532571141525,2000,"[0.0029582197922799324, 0.005366711102122079, 0.003806533923359691]"
visuotactile_world_model,test_combined_ood,height_mae_m_h5,0.004225352253588089,0.002816289895720493,0.005810461821856733,30,3,0.0013408878611094284,2000,"[0.003043539179197978, 0.005682554726922212, 0.003949962854644076]"
visuotactile_world_model,test_combined_ood,interval_peak_mae_N,0.6679238243103027,0.3791006001525455,1.0133399486128927,30,3,0.08297149418683702,2000,"[0.5918291643195682, 0.7563841574721866, 0.6555581511391534]"
visuotactile_world_model,test_combined_ood,interval_peak_mae_N_h1,0.5695068218089916,0.3049211828443739,0.9122579333451057,30,3,0.050210296567399046,2000,"[0.5306813826825884, 0.6262091222074296, 0.5516299605369568]"
visuotactile_world_model,test_combined_ood,interval_peak_mae_N_h2,0.6012533990100578,0.3297493880589803,0.9385549804800086,30,3,0.07551059756679175,2000,"[0.5371192626158396, 0.6844766961203681, 0.5821642382939657]"
visuotactile_world_model,test_combined_ood,interval_peak_mae_N_h3,0.6517054503935354,0.36987390144555654,0.9838771079469604,30,3,0.08725130812855247,2000,"[0.5744655972056919, 0.746345860560735, 0.6343048934141795]"
visuotactile_world_model,test_combined_ood,interval_peak_mae_N_h4,0.7229662322998047,0.4167378644214736,1.082041661242644,30,3,0.09780041263273266,2000,"[0.6302416545814938, 0.8251544580194685, 0.7135025842984517]"
visuotactile_world_model,test_combined_ood,interval_peak_mae_N_h5,0.7941872180391241,0.47519391902950076,1.1598609998446923,30,3,0.10656246636409554,2000,"[0.6866379245122274, 0.8997346504529318, 0.7961890791522132]"
visuotactile_world_model,test_combined_ood,joint_episode_coverage,0.6555555555555554,0.48888888888888893,0.8002777777777764,30,3,0.01924500897298752,2000,"[0.6333333333333333, 0.6666666666666666, 0.6666666666666666]"
visuotactile_world_model,test_combined_ood,peak_episode_coverage,0.8000000000000002,0.6555555555555556,0.9222222222222222,30,3,0.033333333333333326,2000,"[0.7666666666666667, 0.8, 0.8333333333333334]"
visuotactile_world_model,test_geometry_ood,contact_forecast_fraction,0.4928888888888889,0.3915388888888888,0.5822277777777777,30,3,0.0,2000,"[0.4928888888888889, 0.4928888888888889, 0.4928888888888889]"
visuotactile_world_model,test_geometry_ood,contact_phase_endpoint_force_mae_N,1.2259058737574318,0.8146860131732652,1.6504117778971625,30,3,0.11954670781132047,2000,"[1.1053006293032785, 1.3443651517183166, 1.2280518402506997]"
visuotactile_world_model,test_geometry_ood,endpoint_force_mae_N,0.6305613053282292,0.4005876998049461,0.8768718345920665,30,3,0.06061238007844137,2000,"[0.568941079590573, 0.690112876994475, 0.6326299593996395]"
visuotactile_world_model,test_geometry_ood,endpoint_force_mae_N_h1,0.5781683196005826,0.34665887059788736,0.8181975620720641,30,3,0.05048222003042653,2000,"[0.5276308367584177, 0.6285950947322676, 0.5782790273110624]"
visuotactile_world_model,test_geometry_ood,endpoint_force_mae_N_h2,0.5984658068599017,0.36705785940638824,0.8441007805465415,30,3,0.055886424215939756,2000,"[0.5420810894664653, 0.6538402395207366, 0.5994760915925036]"
visuotactile_world_model,test_geometry_ood,endpoint_force_mae_N_h3,0.6271666447729602,0.3979096219506634,0.8754600093995241,30,3,0.06253562319971814,2000,"[0.564579184012384, 0.6896503011812887, 0.6272704491252079]"
visuotactile_world_model,test_geometry_ood,endpoint_force_mae_N_h4,0.6529549574873261,0.4253109558773598,0.8992772386495387,30,3,0.06558530281579106,2000,"[0.586096611352189, 0.7171884015168029, 0.6555798595929864]"
visuotactile_world_model,test_geometry_ood,endpoint_force_mae_N_h5,0.6960507979203752,0.4575685484372108,0.954441073208084,30,3,0.06871683234815817,2000,"[0.6243176763634094, 0.761290348021279, 0.7025443693764369]"
visuotactile_world_model,test_geometry_ood,height_episode_coverage,0.5555555555555555,0.39999999999999997,0.7111111111111112,30,3,0.13471506281091264,2000,"[0.4, 0.6333333333333333, 0.6333333333333333]"
visuotactile_world_model,test_geometry_ood,height_mae_m,0.005164129905418291,0.0037310479427430337,0.006656358984354826,30,3,0.0015447587700556451,2000,"[0.004210578659964894, 0.006946407222661138, 0.004335403833628839]"
visuotactile_world_model,test_geometry_ood,height_mae_m_h1,0.004481795057161233,0.0032867646931589224,0.005722795620003157,30,3,0.0011579160504032984,2000,"[0.0038337603015356258, 0.005818634135179713, 0.003792990734768359]"
visuotactile_world_model,test_geometry_ood,height_mae_m_h2,0.004926252169998069,0.003546118182931321,0.0063659560099797625,30,3,0.0015301360863534854,2000,"[0.004020467269874643, 0.006692910858320021, 0.004065378381799544]"
visuotactile_world_model,test_geometry_ood,height_mae_m_h3,0.005233674258046516,0.003751575360193211,0.006779875899677857,30,3,0.0016258843055700497,2000,"[0.004216221464577959, 0.007108816453465908, 0.0043759848560956825]"
visuotactile_world_model,test_geometry_ood,height_mae_m_h4,0.005467544072032777,0.003953530925748459,0.007077234389350147,30,3,0.0016721856564476056,2000,"[0.004402670824929373, 0.00739487803780422, 0.004605083353364737]"
visuotactile_world_model,test_geometry_ood,height_mae_m_h5,0.005711383969852856,0.0041463424940652825,0.007365995903007354,30,3,0.0017415155014801698,2000,"[0.004579773438906866, 0.007716796628535829, 0.004837581842115873]"
visuotactile_world_model,test_geometry_ood,interval_peak_mae_N,1.1336488607018083,0.7652304281090145,1.5457383233450075,30,3,0.1852197815910253,2000,"[0.9401382888555527, 1.3092813387049569, 1.1515269545449152]"
visuotactile_world_model,test_geometry_ood,interval_peak_mae_N_h1,1.023120963463077,0.641754349887923,1.452895601608135,30,3,0.16073453125556716,2000,"[0.8575120243761275, 1.1784916028711532, 1.03335926314195]"
visuotactile_world_model,test_geometry_ood,interval_peak_mae_N_h2,1.0584721600567855,0.6952063435371276,1.460647904344179,30,3,0.1738657185998615,2000,"[0.8763958619700538, 1.2227595709429846, 1.0762610472573175]"
visuotactile_world_model,test_geometry_ood,interval_peak_mae_N_h3,1.1179573485144862,0.7556249603121369,1.5226964483018275,30,3,0.18916250407106475,2000,"[0.9228584396839142, 1.3005642233954535, 1.1304493824640909]"
visuotactile_world_model,test_geometry_ood,interval_peak_mae_N_h4,1.1942359330477539,0.828561320580818,1.6003263761533626,30,3,0.19780234988239898,2000,"[0.9892393763860067, 1.3839585109551749, 1.20950991180208]"
visuotactile_world_model,test_geometry_ood,interval_peak_mae_N_h5,1.274457898426939,0.8907358588300369,1.7059422762929288,30,3,0.20504836728518042,2000,"[1.0546857418616613, 1.4606327853600185, 1.3080551680591372]"
visuotactile_world_model,test_geometry_ood,joint_episode_coverage,0.5555555555555555,0.39999999999999997,0.7111111111111112,30,3,0.13471506281091264,2000,"[0.4, 0.6333333333333333, 0.6333333333333333]"
visuotactile_world_model,test_geometry_ood,peak_episode_coverage,0.7555555555555555,0.6,0.9,30,3,0.019245008972987587,2000,"[0.7333333333333333, 0.7666666666666667, 0.7666666666666667]"
visuotactile_world_model,test_id,contact_forecast_fraction,0.4688888888888889,0.3591111111111111,0.5722277777777777,30,3,0.0,2000,"[0.4688888888888889, 0.4688888888888889, 0.4688888888888889]"
visuotactile_world_model,test_id,contact_phase_endpoint_force_mae_N,0.3619283751057747,0.30171639052670857,0.4314213916285192,30,3,0.02088404791952572,2000,"[0.34090400323055475, 0.3826692118803422, 0.3622119102064273]"
visuotactile_world_model,test_id,endpoint_force_mae_N,0.18875940578023295,0.14379248626386318,0.23478085607343813,30,3,0.01168074191171853,2000,"[0.17749810154394557, 0.200818665973342, 0.18796144982341126]"
visuotactile_world_model,test_id,endpoint_force_mae_N_h1,0.13887454844861763,0.10367583774783028,0.17698002166807345,30,3,0.00951401529372517,2000,"[0.13298679356514995, 0.1498506885748874, 0.13378616320581554]"
visuotactile_world_model,test_id,endpoint_force_mae_N_h2,0.1582901183816455,0.12085248416374772,0.19723172509673564,30,3,0.009995905609698867,2000,"[0.14929318401048444, 0.16905033515490317, 0.15652683597954886]"
visuotactile_world_model,test_id,endpoint_force_mae_N_h3,0.18940563036663527,0.14460115459074271,0.23625648441949548,30,3,0.012169716219837229,2000,"[0.17714634113841587, 0.20148375071705904, 0.1895867992444309]"
visuotactile_world_model,test_id,endpoint_force_mae_N_h4,0.2158699263670815,0.16363332893926347,0.26891375936491607,30,3,0.013261129359087919,2000,"[0.20230990663843437, 0.22881045168041492, 0.21648942078239525]"
visuotactile_world_model,test_id,endpoint_force_mae_N_h5,0.24135680533718476,0.18282618229551367,0.2986554811143368,30,3,0.014680840101387753,2000,"[0.22575428236724326, 0.2548981037394454, 0.2434180299048657]"
visuotactile_world_model,test_id,height_episode_coverage,0.9555555555555556,0.8777777777777778,1.0,30,3,0.01924500897298752,2000,"[0.9333333333333333, 0.9666666666666667, 0.9666666666666667]"
visuotactile_world_model,test_id,height_mae_m,0.00211291480843728,0.0017477333607061022,0.0024413401809588926,30,3,0.0003572876579520477,2000,"[0.0017658935680843165, 0.0024796524054642457, 0.0020931984517632775]"
visuotactile_world_model,test_id,height_mae_m_h1,0.0017507087541593202,0.001458381495014624,0.002041611684997473,30,3,0.0003005567769171935,2000,"[0.0014800852069876984, 0.002074186805111822, 0.001697854250378441]"
visuotactile_world_model,test_id,height_mae_m_h2,0.001885743753680597,0.0015589714604478408,0.0021802311599698173,30,3,0.00035588628514315743,2000,"[0.0015548210828759087, 0.0022622090876555172, 0.0018402010905103656]"
visuotactile_world_model,test_id,height_mae_m_h3,0.002072823762460353,0.0017149920874478454,0.002399816415703821,30,3,0.00037939243164969373,2000,"[0.001693879781232681, 0.002452663059909052, 0.002071928446239326]"
visuotactile_world_model,test_id,height_mae_m_h4,0.0022934969917965914,0.0018765673036266685,0.0026671392535656062,30,3,0.0003737489047635422,2000,"[0.0019191493592613067, 0.00266664427747148, 0.002294697338656988]"
visuotactile_world_model,test_id,height_mae_m_h5,0.0025618007800895376,0.0020789974624812776,0.002977929275744019,30,3,0.00038051342983509294,2000,"[0.002181532410063988, 0.0029425587971733573, 0.0025613111330312676]"
visuotactile_world_model,test_id,interval_peak_mae_N,0.4476060493787129,0.343938575141739,0.554347209176973,30,3,0.02776345265120405,2000,"[0.4213869392606947, 0.47669146127170986, 0.44473974760373436]"
visuotactile_world_model,test_id,interval_peak_mae_N_h1,0.33041026764445836,0.2508217539080867,0.42458007924424274,30,3,0.01507587319364475,2000,"[0.31728865954611035, 0.34687811480628117, 0.3270640285809835]"
visuotactile_world_model,test_id,interval_peak_mae_N_h2,0.3817201406425899,0.29261469577087296,0.4807057672595536,30,3,0.024029690640493578,2000,"[0.3583131839169396, 0.40632756471633913, 0.3805196732944912]"
visuotactile_world_model,test_id,interval_peak_mae_N_h3,0.45205018039102907,0.35106956506548104,0.5597559627018592,30,3,0.028498938537062663,2000,"[0.42420870184898374, 0.48116396254963345, 0.45077787677447]"
visuotactile_world_model,test_id,interval_peak_mae_N_h4,0.509096087967908,0.3885566397828084,0.6295480937207187,30,3,0.03312536451886733,2000,"[0.4771371938122643, 0.543276128106647, 0.5068749419848124]"
visuotactile_world_model,test_id,interval_peak_mae_N_h5,0.5647535702475794,0.42984766965331855,0.6972437364370735,30,3,0.038301795464326556,2000,"[0.5299869571791754, 0.6058115361796486, 0.5584622173839145]"
visuotactile_world_model,test_id,joint_episode_coverage,0.9,0.7888888888888891,0.9777777777777779,30,3,0.0,2000,"[0.9, 0.9, 0.9]"
visuotactile_world_model,test_id,peak_episode_coverage,0.9444444444444443,0.8666666666666667,1.0,30,3,0.019245008972987525,2000,"[0.9666666666666667, 0.9333333333333333, 0.9333333333333333]"
visuotactile_world_model,test_physics_ood,contact_forecast_fraction,0.5797777777777777,0.49844444444444447,0.641561111111111,30,3,0.0,2000,"[0.5797777777777777, 0.5797777777777777, 0.5797777777777777]"
visuotactile_world_model,test_physics_ood,contact_phase_endpoint_force_mae_N,0.667745795577895,0.5511334894129147,0.7945212690107827,30,3,0.1021819513008396,2000,"[0.6963394479259634, 0.7525850045056114, 0.5543129343021104]"
visuotactile_world_model,test_physics_ood,endpoint_force_mae_N,0.4022170425148143,0.31992401811392995,0.48603146041676626,30,3,0.05907212218177496,2000,"[0.41895377043882576, 0.4511149607165458, 0.33658239638907145]"
visuotactile_world_model,test_physics_ood,endpoint_force_mae_N_h1,0.32191066433125126,0.24775160018349301,0.3999135333350382,30,3,0.06252088341095369,2000,"[0.3495360368733398, 0.36586033566807463, 0.2503356204523394]"
visuotactile_world_model,test_physics_ood,endpoint_force_mae_N_h2,0.3617057387547979,0.2867605197440167,0.4387764405722149,30,3,0.06589940691583662,2000,"[0.3874802098304025, 0.4108224491594808, 0.28681455727451033]"
visuotactile_world_model,test_physics_ood,endpoint_force_mae_N_h3,0.40444891352583023,0.3210620998907949,0.49046584072882393,30,3,0.06228621570544361,2000,"[0.4217837872267356, 0.456231450060279, 0.33533150329047606]"
visuotactile_world_model,test_physics_ood,endpoint_force_mae_N_h4,0.44173885066399965,0.354470487428408,0.5326668372270201,30,3,0.057314423097813295,2000,"[0.45319595858558187, 0.4924593365851238, 0.37956125682129316]"
visuotactile_world_model,test_physics_ood,endpoint_force_mae_N_h5,0.48128104529819266,0.38684318376637433,0.578246272746368,30,3,0.04968289470205471,2000,"[0.48277285967806904, 0.5302012321097708, 0.4308690441067382]"
visuotactile_world_model,test_physics_ood,height_episode_coverage,0.8444444444444444,0.7666666666666666,0.9111111111111111,30,3,0.1387777332977422,2000,"[1.0, 0.8, 0.7333333333333333]"
visuotactile_world_model,test_physics_ood,height_mae_m,0.00265014179523159,0.0023214323205212606,0.0029346411553300973,30,3,0.0008455496168393571,2000,"[0.0018749326415353506, 0.003551791341470865, 0.002523701402688554]"
visuotactile_world_model,test_physics_ood,height_mae_m_h1,0.002103558006163911,0.0018432397020525834,0.002346708928788926,30,3,0.0002510410394425215,2000,"[0.0018167992967775919, 0.0022102129081354683, 0.002283661813578672]"
visuotactile_world_model,test_physics_ood,height_mae_m_h2,0.0023053571452705743,0.0020332485684519744,0.0025369844226214035,30,3,0.0005424198937805767,2000,"[0.0017564099799427721, 0.0028410051876886023, 0.002318656268180348]"
visuotactile_world_model,test_physics_ood,height_mae_m_h3,0.002608605323874616,0.0022869621234987993,0.002889141619491932,30,3,0.0008786562353828915,2000,"[0.0018002295270950223, 0.0035437670524697752, 0.0024818193920590503]"
visuotactile_world_model,test_physics_ood,height_mae_m_h4,0.002937328972308293,0.002554488852641414,0.003275849312252022,30,3,0.0011765842499073345,2000,"[0.0019270530978812734, 0.004229141867997694, 0.0026557919510459115]"
visuotactile_world_model,test_physics_ood,height_mae_m_h5,0.0032958595285405563,0.002858061747683543,0.0036826172114237526,30,3,0.0014752744700901148,2000,"[0.0020741713059800938, 0.004934829691062785, 0.0028785775885787897]"
visuotactile_world_model,test_physics_ood,interval_peak_mae_N,0.788699547149517,0.6146243984030353,0.9729612796264666,30,3,0.11154827939230992,2000,"[0.7814322347640992, 0.9037037931018406, 0.6809626135826111]"
visuotactile_world_model,test_physics_ood,interval_peak_mae_N_h1,0.6347031320024419,0.4710930022553161,0.8122590923828107,30,3,0.13129254588262457,2000,"[0.6552641166581048, 0.7545021039909786, 0.49434317535824246]"
visuotactile_world_model,test_physics_ood,interval_peak_mae_N_h2,0.7072494959831238,0.5487814833886093,0.8747063664297261,30,3,0.1303169287761118,2000,"[0.7206725862291125, 0.8303353599707286, 0.5707405417495304]"
visuotactile_world_model,test_physics_ood,interval_peak_mae_N_h3,0.7791785231784538,0.6058429953191016,0.9596349357708733,30,3,0.11753715489467356,2000,"[0.7726951875951555, 0.899823161760966, 0.6650172201792399]"
visuotactile_world_model,test_physics_ood,interval_peak_mae_N_h4,0.8616887148221334,0.6767933422161473,1.0630414054724906,30,3,0.10350758749491963,2000,"[0.8410380253526899, 0.9739649420314365, 0.7700631770822737]"
visuotactile_world_model,test_physics_ood,interval_peak_mae_N_h5,0.9606778697614317,0.7581925877111929,1.178099079310894,30,3,0.08616276424383594,2000,"[0.917491257985433, 1.059893397755093, 0.904648953543769]"
visuotactile_world_model,test_physics_ood,joint_episode_coverage,0.6888888888888888,0.5777777777777778,0.811111111111111,30,3,0.06938886664887113,2000,"[0.7666666666666667, 0.6333333333333333, 0.6666666666666666]"
visuotactile_world_model,test_physics_ood,peak_episode_coverage,0.8222222222222223,0.688888888888889,0.9333333333333335,30,3,0.06938886664887108,2000,"[0.7666666666666667, 0.8, 0.9]"
