comparison,domain,metric,estimate,ci_low,ci_high,environment_episodes,fixed_model_seeds,training_seed_sd,valid_bootstrap_resamples,per_model_estimates
visuotactile_world_model minus vision_world_model,test_id,contact_forecast_fraction,0.0,0.0,0.0,30,3,0.0,2000,"[0.0, 0.0, 0.0]"
visuotactile_world_model minus vision_world_model,test_id,contact_phase_endpoint_force_mae_N,-1.5752951200416003,-1.9688413501199193,-1.2308295169072652,30,3,0.036172593336131396,2000,"[-1.6048187559659226, -1.5861208517866145, -1.5349457523722634]"
visuotactile_world_model minus vision_world_model,test_id,endpoint_force_mae_N,-0.7505349340985276,-0.9998657284226796,-0.5256260449632947,30,3,0.01505429609811303,2000,"[-0.7571279667123497, -0.7611679106655324, -0.7333089249177008]"
visuotactile_world_model minus vision_world_model,test_id,endpoint_force_mae_N_h1,-0.7813521277728595,-1.041944648954952,-0.5458195174226187,30,3,0.019911770546310926,2000,"[-0.7811377081212898, -0.8013702422603792, -0.7615484329369092]"
visuotactile_world_model minus vision_world_model,test_id,endpoint_force_mae_N_h2,-0.7587410538817503,-1.0096468949654702,-0.5287195051634617,30,3,0.016240429343511817,2000,"[-0.761282369081638, -0.7735610094787208, -0.741379783084892]"
visuotactile_world_model minus vision_world_model,test_id,endpoint_force_mae_N_h3,-0.749818016354693,-0.9994214661793388,-0.5251174089943683,30,3,0.013413713564721711,2000,"[-0.7589827103942149, -0.7560492718321513, -0.734422066837713]"
visuotactile_world_model minus vision_world_model,test_id,endpoint_force_mae_N_h4,-0.7430084932471747,-0.9939693645295059,-0.5189675261405494,30,3,0.013199225772630744,2000,"[-0.7523520607799636, -0.748764694440351, -0.7279087245212091]"
visuotactile_world_model minus vision_world_model,test_id,endpoint_force_mae_N_h5,-0.7197549792361606,-0.9707295869340478,-0.5025139496319319,30,3,0.016254873323918992,2000,"[-0.7318849851846418, -0.7260943353160595, -0.7012856172077806]"
visuotactile_world_model minus vision_world_model,test_id,height_episode_coverage,-0.044444444444444446,-0.12222222222222223,0.0,30,3,0.019245008972987525,2000,"[-0.06666666666666667, -0.03333333333333333, -0.03333333333333333]"
visuotactile_world_model minus vision_world_model,test_id,height_mae_m,-0.0011118547431165267,-0.001500672916830229,-0.0006916129981152932,30,3,0.0012171089349257219,2000,"[-0.0024959001223647244, -0.0002084841161655883, -0.0006311799908192673]"
visuotactile_world_model minus vision_world_model,test_id,height_mae_m_h1,-0.0008999074656619793,-0.0012232245963322286,-0.0005678270308304088,30,3,0.0009446176218458245,2000,"[-0.0019196533630666736, -5.478657879090558e-05, -0.0007252824551283589]"
visuotactile_world_model minus vision_world_model,test_id,height_mae_m_h2,-0.000951964126663235,-0.0013143715983040712,-0.0005421343352360663,30,3,0.0010766182347711026,2000,"[-0.0021520280357476117, -7.087740161093986e-05, -0.0006329869426311537]"
visuotactile_world_model minus vision_world_model,test_id,height_mae_m_h3,-0.0010899087999455836,-0.001484826096982471,-0.0006591015779744745,30,3,0.0012513318060418594,2000,"[-0.0025142074208512593, -0.00016713810483148943, -0.0005883808741540028]"
visuotactile_world_model minus vision_world_model,test_id,height_mae_m_h4,-0.0012463252711071013,-0.0016839154239757961,-0.000781718414190336,30,3,0.0013489332649685726,2000,"[-0.002797322355585897, -0.0003466213091289521, -0.0005950321486064543]"
visuotactile_world_model minus vision_world_model,test_id,height_mae_m_h5,-0.0013711680522047337,-0.0018604480274926,-0.0008681242920167144,30,3,0.001497727061870681,2000,"[-0.0030962894365721798, -0.00040299718646565454, -0.0006142175335763669]"
visuotactile_world_model minus vision_world_model,test_id,interval_peak_mae_N,-2.118895818657345,-2.83931637115037,-1.4744356017942781,30,3,0.0648792113224123,2000,"[-2.1355281195640563, -2.173839742395613, -2.0473195940123663]"
visuotactile_world_model minus vision_world_model,test_id,interval_peak_mae_N_h1,-2.187751451200909,-2.902694507715878,-1.5257658211953113,30,3,0.09762402097672897,2000,"[-2.1880381968286304, -2.2852317835225, -2.089984373251597]"
visuotactile_world_model minus vision_world_model,test_id,interval_peak_mae_N_h2,-2.134427004125383,-2.847804200069772,-1.4855062688820895,30,3,0.07544077549306032,2000,"[-2.147242465151681, -2.202639201084773, -2.0533993461396958]"
visuotactile_world_model minus vision_world_model,test_id,interval_peak_mae_N_h3,-2.116662599907981,-2.83460326405587,-1.473357822214013,30,3,0.05452508005797001,2000,"[-2.139295917484495, -2.1562260360187953, -2.054465846220652]"
visuotactile_world_model minus vision_world_model,test_id,interval_peak_mae_N_h4,-2.0962657558918,-2.8153343442093446,-1.45138693883684,30,3,0.05054257677968806,2000,"[-2.117538935740789, -2.1326944496896534, -2.038563882244958]"
visuotactile_world_model minus vision_world_model,test_id,interval_peak_mae_N_h5,-2.0593722821606533,-2.7674436014879635,-1.425117914742894,30,3,0.05137347783362158,2000,"[-2.0855250826146867, -2.092407241662343, -2.000184522204929]"
visuotactile_world_model minus vision_world_model,test_id,joint_episode_coverage,-0.08888888888888889,-0.18888888888888888,0.0,30,3,0.01924500897298753,2000,"[-0.1, -0.1, -0.06666666666666667]"
visuotactile_world_model minus vision_world_model,test_id,peak_episode_coverage,-0.044444444444444446,-0.1225,0.022222222222222223,30,3,0.019245008972987525,2000,"[-0.03333333333333333, -0.06666666666666667, -0.03333333333333333]"
visuotactile_world_model minus vision_world_model,test_geometry_ood,contact_forecast_fraction,0.0,0.0,0.0,30,3,0.0,2000,"[0.0, 0.0, 0.0]"
visuotactile_world_model minus vision_world_model,test_geometry_ood,contact_phase_endpoint_force_mae_N,-1.0544376034785503,-1.4872655276430682,-0.6246243074528148,30,3,0.01939593868913841,2000,"[-1.0764936076481788, -1.0400403362387187, -1.0467788665487534]"
visuotactile_world_model minus vision_world_model,test_geometry_ood,endpoint_force_mae_N,-0.5282955153606584,-0.7759691369031462,-0.2989207969093611,30,3,0.0076017825711020715,2000,"[-0.5366978066179694, -0.5262939661674426, -0.5218947732965634]"
visuotactile_world_model minus vision_world_model,test_geometry_ood,endpoint_force_mae_N_h1,-0.5693772444343711,-0.8162028063984953,-0.34369635188906106,30,3,0.012549640751910346,2000,"[-0.5550160880119506, -0.5748811078039687, -0.5782345374871942]"
visuotactile_world_model minus vision_world_model,test_geometry_ood,endpoint_force_mae_N_h2,-0.5368041892468435,-0.7866561835594498,-0.3038677446629742,30,3,0.0063233355815937465,2000,"[-0.5328231661397688, -0.5440954709466098, -0.5334939306541518]"
visuotactile_world_model minus vision_world_model,test_geometry_ood,endpoint_force_mae_N_h3,-0.5385483528910936,-0.7915690768709267,-0.3003271167634786,30,3,0.0068931212946147175,2000,"[-0.5451452680858266, -0.5391067921833773, -0.5313929984040765]"
visuotactile_world_model minus vision_world_model,test_geometry_ood,endpoint_force_mae_N_h4,-0.5146882902674756,-0.7633582537632045,-0.2824824811764785,30,3,0.017955025594063045,2000,"[-0.5353676781046238, -0.5056351161093658, -0.5030620765884373]"
visuotactile_world_model minus vision_world_model,test_geometry_ood,endpoint_force_mae_N_h5,-0.4820594999635086,-0.7234666242543852,-0.25106803875848704,30,3,0.028732518753818194,2000,"[-0.5151368327476774, -0.4677513437938911, -0.46329032334895737]"
visuotactile_world_model minus vision_world_model,test_geometry_ood,height_episode_coverage,-0.3111111111111111,-0.4444444444444444,-0.17777777777777778,30,3,0.2219442706159798,2000,"[-0.5, -0.36666666666666664, -0.06666666666666667]"
visuotactile_world_model minus vision_world_model,test_geometry_ood,height_mae_m,-0.0004316695936189111,-0.001176930117159955,0.0002652388739244118,30,3,0.0023018142063439668,2000,"[-0.0018804244390711474, 0.0022225214700738434, -0.0016371058118594293]"
visuotactile_world_model minus vision_world_model,test_geometry_ood,height_mae_m_h1,-0.0005432026351762168,-0.0011970570838271265,8.511004675919706e-05,30,3,0.001574221831644885,2000,"[-0.0010525949285187784, 0.0012226400940077535, -0.0017996530710176254]"
visuotactile_world_model minus vision_world_model,test_geometry_ood,height_mae_m_h2,-0.00027269186118953964,-0.000956120879203674,0.0003751470813812268,30,3,0.002125357044630908,2000,"[-0.001302097313681669, 0.0021713594281593234, -0.0016873376980462733]"
visuotactile_world_model minus vision_world_model,test_geometry_ood,height_mae_m_h3,-0.00026308738561325575,-0.0010077890887238295,0.0004567344694921673,30,3,0.0024870697283376503,2000,"[-0.0017979884434801837, 0.0026064037924354326, -0.0015976775057950162]"
visuotactile_world_model minus vision_world_model,test_geometry_ood,height_mae_m_h4,-0.000427460474580854,-0.0012389598640573376,0.00033666176924533614,30,3,0.0026377725793177817,2000,"[-0.0023286111418888643, 0.002583955412184069, -0.001537725694037767]"
visuotactile_world_model minus vision_world_model,test_geometry_ood,height_mae_m_h5,-0.0006519056115346892,-0.001542522511012201,0.00017949074305161474,30,3,0.0028365242526567466,2000,"[-0.002920830367786241, 0.002528248623582638, -0.001563135090400465]"
visuotactile_world_model minus vision_world_model,test_geometry_ood,interval_peak_mae_N,-1.3742463795211581,-2.100664927598393,-0.6812915765361657,30,3,0.01137733998140833,2000,"[-1.3873067573971218, -1.3664858400821687, -1.3689465410841837]"
visuotactile_world_model minus vision_world_model,test_geometry_ood,interval_peak_mae_N_h1,-1.4613636672717554,-2.168943915743519,-0.7972432401263053,30,3,0.05026153863230027,2000,"[-1.4047425288624233, -1.4786398683653939, -1.500708604587449]"
visuotactile_world_model minus vision_world_model,test_geometry_ood,interval_peak_mae_N_h2,-1.392728657413412,-2.1383225713261855,-0.689498391472631,30,3,0.02796675553871658,2000,"[-1.3657112032837337, -1.4215567282835642, -1.390918040672938]"
visuotactile_world_model minus vision_world_model,test_geometry_ood,interval_peak_mae_N_h3,-1.4056783664668047,-2.15493106090581,-0.6959345267415048,30,3,0.007871216563117936,2000,"[-1.4135243520471785, -1.405728588104248, -1.3977821592489879]"
visuotactile_world_model minus vision_world_model,test_geometry_ood,interval_peak_mae_N_h4,-1.3328564831062597,-2.0600906313105867,-0.634313302380068,30,3,0.04241226743989437,2000,"[-1.3801413689719306, -1.2981729756461249, -1.3202551047007243]"
visuotactile_world_model minus vision_world_model,test_geometry_ood,interval_peak_mae_N_h5,-1.2786047233475581,-2.001236603055839,-0.5876475995492054,30,3,0.08131132517947341,2000,"[-1.372414333820343, -1.228331040011512, -1.2350687962108189]"
visuotactile_world_model minus vision_world_model,test_geometry_ood,joint_episode_coverage,-0.2777777777777778,-0.39999999999999997,-0.15555555555555556,30,3,0.2219442706159798,2000,"[-0.4666666666666667, -0.3333333333333333, -0.03333333333333333]"
visuotactile_world_model minus vision_world_model,test_geometry_ood,peak_episode_coverage,-0.19999999999999998,-0.3444444444444444,-0.07777777777777778,30,3,0.03333333333333334,2000,"[-0.23333333333333334, -0.2, -0.16666666666666666]"
visuotactile_world_model minus vision_world_model,test_physics_ood,contact_forecast_fraction,0.0,0.0,0.0,30,3,0.0,2000,"[0.0, 0.0, 0.0]"
visuotactile_world_model minus vision_world_model,test_physics_ood,contact_phase_endpoint_force_mae_N,-1.4142488510358426,-1.7339465127363387,-1.093322038422048,30,3,0.08069364402069282,2000,"[-1.3405275552619789, -1.4017603135454544, -1.5004586843000953]"
visuotactile_world_model minus vision_world_model,test_physics_ood,endpoint_force_mae_N,-0.8281834413309074,-1.04051599654303,-0.6073702416351716,30,3,0.04864753162468616,2000,"[-0.7796423594813354, -0.8279712360284067, -0.8769367284829798]"
visuotactile_world_model minus vision_world_model,test_physics_ood,endpoint_force_mae_N_h1,-0.8740130740803534,-1.084406327359888,-0.6566211513254615,30,3,0.06269982175347023,2000,"[-0.8079281062351678, -0.8814459813451309, -0.9326651346607616]"
visuotactile_world_model minus vision_world_model,test_physics_ood,endpoint_force_mae_N_h2,-0.8387556943868898,-1.0535468587774628,-0.6176678720951604,30,3,0.06649832862194406,2000,"[-0.7666705300697962, -0.8518892276008544, -0.8977073254900191]"
visuotactile_world_model minus vision_world_model,test_physics_ood,endpoint_force_mae_N_h3,-0.8319530905245222,-1.0492248992595927,-0.608909979047358,30,3,0.05401798129226403,2000,"[-0.7785467741877289, -0.8307498635025695, -0.8865626338832684]"
visuotactile_world_model minus vision_world_model,test_physics_ood,endpoint_force_mae_N_h4,-0.8072324745409353,-1.0230702431138021,-0.5862890858284768,30,3,0.04135655484531367,2000,"[-0.7695290294194732, -0.800703056501742, -0.8514653377015903]"
visuotactile_world_model minus vision_world_model,test_physics_ood,endpoint_force_mae_N_h5,-0.7889628731218356,-1.0074477009588794,-0.5674420004194408,30,3,0.023661269942463634,2000,"[-0.775537357494511, -0.7750680511917367, -0.8162832106792592]"
visuotactile_world_model minus vision_world_model,test_physics_ood,height_episode_coverage,-0.0888888888888889,-0.16666666666666666,-0.022222222222222216,30,3,0.13877773329774218,2000,"[0.06666666666666667, -0.2, -0.13333333333333333]"
visuotactile_world_model minus vision_world_model,test_physics_ood,height_mae_m,-0.0020136512088124786,-0.0026033156447662974,-0.0014428244046218932,30,3,0.0021254067768863025,2000,"[-0.004363693118008086, -0.0002259874251515915, -0.001451273083277758]"
visuotactile_world_model minus vision_world_model,test_physics_ood,height_mae_m_h1,-0.0019286187975861445,-0.0024618145748633346,-0.0014067888593218177,30,3,0.0011029190319307815,2000,"[-0.003191078297289399, -0.001152208471547864, -0.00144256962392117]"
visuotactile_world_model minus vision_world_model,test_physics_ood,height_mae_m_h2,-0.0018911182525173193,-0.0024368469528220616,-0.0013598911136202035,30,3,0.0016859960305955434,2000,"[-0.003776101247705002, -0.0005270678075935899, -0.0013701857022533658]"
visuotactile_world_model minus vision_world_model,test_physics_ood,height_mae_m_h3,-0.0019463994383032617,-0.002531151069083232,-0.001373117095089819,30,3,0.002270289296373964,2000,"[-0.004444529885270943, -9.059784319510476e-06, -0.0013856086453193307]"
visuotactile_world_model minus vision_world_model,test_physics_ood,height_mae_m_h4,-0.002067974411507344,-0.00270291711467952,-0.001478931842143572,30,3,0.0026314750864370323,2000,"[-0.004951269595185295, 0.00020410547340159407, -0.0014567591127383317]"
visuotactile_world_model minus vision_world_model,test_physics_ood,height_mae_m_h5,-0.0022341451441483247,-0.0029097997574861908,-0.001621066604923221,30,3,0.0029561479112344934,2000,"[-0.005455486564589794, 0.00035429346430141274, -0.0016012423321565923]"
visuotactile_world_model minus vision_world_model,test_physics_ood,interval_peak_mae_N,-2.188333068591577,-2.808094831830925,-1.5579652423066124,30,3,0.06650108623648744,2000,"[-2.1129490225315095, -2.238687187433243, -2.213362995809979]"
visuotactile_world_model minus vision_world_model,test_physics_ood,interval_peak_mae_N_h1,-2.293238365650177,-2.9001082131674996,-1.6642980540781112,30,3,0.10773930613002812,2000,"[-2.168832042614619, -2.3556827261712816, -2.3552003281646305]"
visuotactile_world_model minus vision_world_model,test_physics_ood,interval_peak_mae_N_h2,-2.2169508790969847,-2.838888475570414,-1.5785513571478704,30,3,0.11854012737059137,2000,"[-2.0813663510481515, -2.30100317425198, -2.2684831119908226]"
visuotactile_world_model minus vision_world_model,test_physics_ood,interval_peak_mae_N_h3,-2.205889698090377,-2.8361791101804488,-1.567486876711802,30,3,0.07855199990149257,2000,"[-2.11525774386194, -2.2543367042806413, -2.2480746461285483]"
visuotactile_world_model minus vision_world_model,test_physics_ood,interval_peak_mae_N_h4,-2.136353773894133,-2.771542204250892,-1.492074544735529,30,3,0.043952978158355055,2000,"[-2.088271217611101, -2.174463283088472, -2.1463268209828272]"
visuotactile_world_model minus vision_world_model,test_physics_ood,interval_peak_mae_N_h5,-2.089232626226213,-2.7264907839993633,-1.441546698373777,30,3,0.03510976211305438,2000,"[-2.1110177575217355, -2.1079500493738386, -2.0487300717830657]"
visuotactile_world_model minus vision_world_model,test_physics_ood,joint_episode_coverage,-0.2222222222222222,-0.35555555555555557,-0.09999999999999999,30,3,0.12619796324000607,2000,"[-0.13333333333333333, -0.36666666666666664, -0.16666666666666666]"
visuotactile_world_model minus vision_world_model,test_physics_ood,peak_episode_coverage,-0.14444444444444446,-0.28888888888888886,-0.011111111111111113,30,3,0.09622504486493764,2000,"[-0.2, -0.2, -0.03333333333333333]"
visuotactile_world_model minus vision_world_model,test_combined_ood,contact_forecast_fraction,0.0,0.0,0.0,30,3,0.0,2000,"[0.0, 0.0, 0.0]"
visuotactile_world_model minus vision_world_model,test_combined_ood,contact_phase_endpoint_force_mae_N,-1.1726831310452468,-1.468269075553781,-0.8668292328702806,30,3,0.0668037807909419,2000,"[-1.2090767389636954, -1.0955849340212325, -1.2133877201508125]"
visuotactile_world_model minus vision_world_model,test_combined_ood,endpoint_force_mae_N,-0.4112680214746786,-0.5731978500875632,-0.24686963035723725,30,3,0.018108679611693296,2000,"[-0.41899226109899096, -0.390578056614846, -0.4242337467101989]"
visuotactile_world_model minus vision_world_model,test_combined_ood,endpoint_force_mae_N_h1,-0.4283191850999037,-0.5887511817736293,-0.27086725545761586,30,3,0.018883178941222118,2000,"[-0.4132152053975086, -0.4222521883959848, -0.4494901615062177]"
visuotactile_world_model minus vision_world_model,test_combined_ood,endpoint_force_mae_N_h2,-0.42256333246989525,-0.5876084861411209,-0.2575564128495009,30,3,0.019184993671236168,2000,"[-0.41968237049084295, -0.4049817466494817, -0.4430258802693613]"
visuotactile_world_model minus vision_world_model,test_combined_ood,endpoint_force_mae_N_h3,-0.41428744367690307,-0.5849504806048673,-0.24499893954111432,30,3,0.018567064834523736,2000,"[-0.42470428956586315, -0.3928508696404579, -0.4253071718243882]"
visuotactile_world_model minus vision_world_model,test_combined_ood,endpoint_force_mae_N_h4,-0.4024365907072745,-0.5758061073371942,-0.23522118068240264,30,3,0.024064013434735226,2000,"[-0.4183740189316234, -0.37475555738141003, -0.41418019580879006]"
visuotactile_world_model minus vision_world_model,test_combined_ood,endpoint_force_mae_N_h5,-0.3887335554194165,-0.55927729689494,-0.22599215758860802,30,3,0.030470044492081943,2000,"[-0.41898542110911674, -0.3580499210068956, -0.3891653241422372]"
visuotactile_world_model minus vision_world_model,test_combined_ood,height_episode_coverage,-0.14444444444444446,-0.2555555555555556,-0.044444444444444446,30,3,0.1539600717839002,2000,"[-0.23333333333333334, -0.23333333333333334, 0.03333333333333333]"
visuotactile_world_model minus vision_world_model,test_combined_ood,height_mae_m,-0.0009502755493681265,-0.001922692766974756,-0.0001922291974122754,30,3,0.001476617978444343,2000,"[-0.0022090342578012494, 0.0006751186339162005, -0.0013169110242193306]"
visuotactile_world_model minus vision_world_model,test_combined_ood,height_mae_m_h1,-0.0007462074522967062,-0.0015495405095396022,-0.00013193911331715473,30,3,0.0009633625600244485,2000,"[-0.001537041306728497, 0.00032670765430440143, -0.0010282887044660229]"
visuotactile_world_model minus vision_world_model,test_combined_ood,height_mae_m_h2,-0.0007270891779572359,-0.001578320555917108,-6.539364545622294e-05,30,3,0.0012486712287241228,2000,"[-0.0017456006168504246, 0.0006659966575615626, -0.0011016635745828454]"
visuotactile_world_model minus vision_world_model,test_combined_ood,height_mae_m_h3,-0.000885875442381129,-0.00185754605583659,-0.00011972386232176847,30,3,0.0015000291629176708,2000,"[-0.0021489143894157475, 0.0007721122251435493, -0.0012808241628711888]"
visuotactile_world_model minus vision_world_model,test_combined_ood,height_mae_m_h4,-0.0010937116954247124,-0.0021783351803662497,-0.00022972661186644553,30,3,0.0017067210944996655,2000,"[-0.0025661955528064736, 0.0007768760190487632, -0.0014918155525164266]"
visuotactile_world_model minus vision_world_model,test_combined_ood,height_mae_m_h5,-0.0012984939787808495,-0.002532467781133838,-0.00034665010059715907,30,3,0.001968869662371713,2000,"[-0.0030474194232051055, 0.0008339006135227262, -0.0016819631266601694]"
visuotactile_world_model minus vision_world_model,test_combined_ood,interval_peak_mae_N,-1.0216052328480616,-1.4459321380796253,-0.6019622378457478,30,3,0.0197507740738838,2000,"[-1.0312295832633973, -1.034698978053199, -0.9988871372275883]"
visuotactile_world_model minus vision_world_model,test_combined_ood,interval_peak_mae_N_h1,-1.0343267598858585,-1.44766241284653,-0.6445153927637476,30,3,0.06975037893771278,2000,"[-0.9631217894289229, -1.1025253261460197, -1.037333164082633]"
visuotactile_world_model minus vision_world_model,test_combined_ood,interval_peak_mae_N_h2,-1.045018455143328,-1.4717065526611275,-0.6299304398783936,30,3,0.025569173139939103,2000,"[-1.022238062090344, -1.0726743482218848, -1.0401429551177555]"
visuotactile_world_model minus vision_world_model,test_combined_ood,interval_peak_mae_N_h3,-1.037708689548351,-1.4942352359118285,-0.5960716877921868,30,3,0.02511569839919194,2000,"[-1.0568178129196166, -1.0470467020405663, -1.0092615536848704]"
visuotactile_world_model minus vision_world_model,test_combined_ood,interval_peak_mae_N_h4,-1.013984390806269,-1.482519147867406,-0.5807835082522146,30,3,0.03648431697181213,2000,"[-1.0548421459727817, -1.002448671658834, -0.9846623547871908]"
visuotactile_world_model minus vision_world_model,test_combined_ood,interval_peak_mae_N_h5,-0.9769878688565007,-1.4494352640619985,-0.5449474057444821,30,3,0.0722925459344653,2000,"[-1.0591281059053208, -0.9487998421986897, -0.9230356584654914]"
visuotactile_world_model minus vision_world_model,test_combined_ood,joint_episode_coverage,-0.15555555555555556,-0.26666666666666666,-0.04444444444444445,30,3,0.1644294287438749,2000,"[-0.23333333333333334, -0.26666666666666666, 0.03333333333333333]"
visuotactile_world_model minus vision_world_model,test_combined_ood,peak_episode_coverage,-0.19999999999999998,-0.3444444444444444,-0.07777777777777778,30,3,0.03333333333333334,2000,"[-0.23333333333333334, -0.2, -0.16666666666666666]"
visuotactile_world_model minus visuotactile_persistence,test_id,contact_forecast_fraction,0.0,0.0,0.0,30,3,0.0,2000,"[0.0, 0.0, 0.0]"
visuotactile_world_model minus visuotactile_persistence,test_id,contact_phase_endpoint_force_mae_N,0.13481338566394493,0.09285618467520788,0.18164281328331447,30,3,0.02088404791952572,2000,"[0.11378901378872494, 0.15555422243851239, 0.1350969207645975]"
visuotactile_world_model minus visuotactile_persistence,test_id,endpoint_force_mae_N,0.08226771073084164,0.060474094835223695,0.10687598394834216,30,3,0.01168074191171853,2000,"[0.07100640649455427, 0.09432697092395069, 0.08146975477401995]"
visuotactile_world_model minus visuotactile_persistence,test_id,endpoint_force_mae_N_h1,0.08652308241737271,0.06526789731440569,0.10940674636479003,30,3,0.009514015293725175,2000,"[0.08063532753390501, 0.09749922254364247, 0.08143469717457062]"
visuotactile_world_model minus visuotactile_persistence,test_id,endpoint_force_mae_N_h2,0.08298436432168532,0.06116303597509798,0.1069764086276632,30,3,0.009995905609698867,2000,"[0.07398742995052426, 0.09374458109494299, 0.0812210819195887]"
visuotactile_world_model minus visuotactile_persistence,test_id,endpoint_force_mae_N_h3,0.08728988609906217,0.06288296700333731,0.11194105061377976,30,3,0.012169716219837243,2000,"[0.07503059687084276, 0.09936800644948596, 0.08747105497685778]"
visuotactile_world_model minus visuotactile_persistence,test_id,endpoint_force_mae_N_h4,0.0756822330870861,0.052114770770994204,0.10107420569267639,30,3,0.013261129359087935,2000,"[0.062122213358438955, 0.08862275840041953, 0.07630172750239984]"
visuotactile_world_model minus visuotactile_persistence,test_id,endpoint_force_mae_N_h5,0.07885898772900189,0.04793906083724743,0.11444398805037656,30,3,0.014680840101387765,2000,"[0.06325646475906035, 0.0924002861312625, 0.0809202122966828]"
visuotactile_world_model minus visuotactile_persistence,test_id,height_mae_m,-0.002099060879480223,-0.0025765059367892614,-0.0015677022452327814,30,3,0.0002018673485752339,2000,"[-0.0023248249379960017, -0.0020364119949841148, -0.0019359457054605527]"
visuotactile_world_model minus visuotactile_persistence,test_id,height_mae_m_h1,-0.0005184781276060406,-0.000717681511225237,-0.00030669566484209143,30,3,0.00011798114033906579,2000,"[-0.0006544947907483826, -0.00045711434164938207, -0.0004438252504203572]"
visuotactile_world_model minus visuotactile_persistence,test_id,height_mae_m_h2,-0.0012504654904235697,-0.0015822574387110999,-0.000896161660052409,30,3,0.0002097110745363184,2000,"[-0.0014901383936052701, -0.0011605691355847133, -0.0011006889420807258]"
visuotactile_world_model minus visuotactile_persistence,test_id,height_mae_m_h3,-0.0020573494273574194,-0.002527764558553355,-0.0015280573016918627,30,3,0.0002404250668710471,2000,"[-0.002325033716107201, -0.00198724937227477, -0.001859765193690287]"
visuotactile_world_model minus visuotactile_persistence,test_id,height_mae_m_h4,-0.0028986878179232552,-0.0035651258380742174,-0.002184330716515062,30,3,0.00022104501596728919,2000,"[-0.0031377861772812644, -0.0028565006444114262, -0.0027017766320770738]"
visuotactile_world_model minus visuotactile_persistence,test_id,height_mae_m_h5,-0.003770323534090831,-0.004611563301886674,-0.0028447754274020555,30,3,0.00022564219280579096,2000,"[-0.004016671612237891, -0.0037206264810002825, -0.0035736725090343194]"
visuotactile_world_model minus visuotactile_persistence,test_id,interval_peak_mae_N,0.0036087355437102154,-0.06594062839371187,0.062418787878972454,30,3,0.026369019712519596,2000,"[-0.005864564948611789, 0.033405665795008345, -0.01671489421526591]"
visuotactile_world_model minus visuotactile_persistence,test_id,interval_peak_mae_N_h1,-0.007231526816332781,-0.050008632281312235,0.02649890429002265,30,3,0.02132327449653584,2000,"[-0.0022677471902635363, 0.011172049707836576, -0.030598882966571383]"
visuotactile_world_model minus visuotactile_persistence,test_id,interval_peak_mae_N_h2,-0.0016361339003951464,-0.06463999716882353,0.050915485663546416,30,3,0.023256614576275262,2000,"[-0.007883000506295099, 0.024105933639738293, -0.021131334834628635]"
visuotactile_world_model minus visuotactile_persistence,test_id,interval_peak_mae_N_h3,0.029472578322445906,-0.04804269169767698,0.09798960498085718,30,3,0.02560285971181124,2000,"[0.017874689102172853, 0.05882196134991116, 0.011721084515253702]"
visuotactile_world_model minus visuotactile_persistence,test_id,interval_peak_mae_N_h4,0.002589328642244692,-0.08074448906271546,0.07604968025507748,30,3,0.029751190860600678,2000,"[-0.013018720149993897, 0.03689665410253737, -0.016109948025809395]"
visuotactile_world_model minus visuotactile_persistence,test_id,interval_peak_mae_N_h5,-0.005150568529411598,-0.10365035952130953,0.08052445604183052,30,3,0.03570606343827434,2000,"[-0.024028045998679266, 0.03603173017501831, -0.02745538976457384]"
visuotactile_world_model minus visuotactile_persistence,test_geometry_ood,contact_forecast_fraction,0.0,0.0,0.0,30,3,0.0,2000,"[0.0, 0.0, 0.0]"
visuotactile_world_model minus visuotactile_persistence,test_geometry_ood,contact_phase_endpoint_force_mae_N,0.6308465783854765,0.38064124102197994,0.8972720792680984,30,3,0.11954670781132047,2000,"[0.5102413339313235, 0.7493058563463616, 0.6329925448787446]"
visuotactile_world_model minus visuotactile_persistence,test_geometry_ood,endpoint_force_mae_N,0.33726319040934105,0.20853979676074044,0.48223367646433024,30,3,0.060612380078441344,2000,"[0.275642964671685, 0.39681476207558686, 0.3393318444807514]"
visuotactile_world_model minus visuotactile_persistence,test_geometry_ood,endpoint_force_mae_N_h1,0.34487590248929334,0.20501753145639526,0.5040440253421122,30,3,0.05048222003042656,2000,"[0.2943384196471285, 0.3953026776209784, 0.3449866101997732]"
visuotactile_world_model minus visuotactile_persistence,test_geometry_ood,endpoint_force_mae_N_h2,0.3233918924689046,0.1975019294043344,0.45596675322023944,30,3,0.055886424215939784,2000,"[0.267007175075468, 0.37876632512973935, 0.3244021772015064]"
visuotactile_world_model minus visuotactile_persistence,test_geometry_ood,endpoint_force_mae_N_h3,0.33212239458847986,0.20375429474406898,0.4730893527242773,30,3,0.06253562319971817,2000,"[0.26953493382790367, 0.39460605099680834, 0.3322261989407276]"
visuotactile_world_model minus visuotactile_persistence,test_geometry_ood,endpoint_force_mae_N_h4,0.34913533426551036,0.21491432629315826,0.4985890595001103,30,3,0.06558530281579109,2000,"[0.2822769881303733, 0.41336877829498714, 0.3517602363711706]"
visuotactile_world_model minus visuotactile_persistence,test_geometry_ood,endpoint_force_mae_N_h5,0.33679042823451716,0.21486873082980804,0.484073723621749,30,3,0.0687168323481582,2000,"[0.26505730667755145, 0.40202997833542115, 0.34328399969057904]"
visuotactile_world_model minus visuotactile_persistence,test_geometry_ood,height_mae_m,-0.001630432917289673,-0.0023511496488959824,-0.000889292602373651,30,3,0.001355828345336677,2000,"[-0.002830068015459498, -0.00015945107517634623, -0.0019017796612331747]"
visuotactile_world_model minus visuotactile_persistence,test_geometry_ood,height_mae_m_h1,-0.0007332326462508514,-0.00114747281587262,-0.0003069224985995086,30,3,0.0008451985196465242,2000,"[-0.0015012357496582101, 0.00017229451602260168, -0.0008707567051169463]"
visuotactile_world_model minus visuotactile_persistence,test_geometry_ood,height_mae_m_h2,-0.0009136663424713469,-0.0015140060181845368,-0.0003057912683221672,30,3,0.0012597821541155063,2000,"[-0.0019783483760935877, 0.0004770977642490632, -0.001239748415569516]"
visuotactile_world_model minus visuotactile_persistence,test_geometry_ood,height_mae_m_h3,-0.0014460256518052323,-0.00220124171117021,-0.0006727542833612935,30,3,0.0014618213769978035,2000,"[-0.002727352503312027, 0.00014625369592168781, -0.0017569781480253571]"
visuotactile_world_model minus visuotactile_persistence,test_geometry_ood,height_mae_m_h4,-0.0021480519961861086,-0.0030426595382740305,-0.0012264050167169545,30,3,0.0015602560497097278,2000,"[-0.0035429332425539746, -0.00046312533661774875, -0.0024380974093866016]"
visuotactile_world_model minus visuotactile_persistence,test_geometry_ood,height_mae_m_h5,-0.0029111879497348263,-0.003958430550226356,-0.00185009138709305,30,3,0.0016548005720359814,2000,"[-0.004400470205679691, -0.001129776015457335, -0.0032033176280674524]"
visuotactile_world_model minus visuotactile_persistence,test_geometry_ood,interval_peak_mae_N,-0.06150536964999306,-0.1793505476294844,0.0402981256260915,30,3,0.06813108188002916,2000,"[-0.025100258111953735, -0.14010531947347854, -0.01931053136454688]"
visuotactile_world_model minus visuotactile_persistence,test_geometry_ood,interval_peak_mae_N_h1,-0.07043962010630855,-0.14333134951304508,-0.002751914680004223,30,3,0.08778708286125972,2000,"[-0.005027257932557, -0.17020912256505755, -0.0360824798213111]"
visuotactile_world_model minus visuotactile_persistence,test_geometry_ood,interval_peak_mae_N_h2,-0.0818703556281549,-0.1943934583106527,0.016605087988354507,30,3,0.07991338395470896,2000,"[-0.03315667039818234, -0.17409752746423085, -0.038356869022051494]"
visuotactile_world_model minus visuotactile_persistence,test_geometry_ood,interval_peak_mae_N_h3,-0.08300994844348342,-0.2112655857393035,0.03033597104527332,30,3,0.0633388011777322,2000,"[-0.04759122908115387, -0.15613536602920955, -0.04530325022008684]"
visuotactile_world_model minus visuotactile_persistence,test_geometry_ood,interval_peak_mae_N_h4,-0.04728664301059864,-0.18986384586824312,0.07911516682527683,30,3,0.05539824858468549,2000,"[-0.02344525244500902, -0.11061411817868551, -0.0078005584081014]"
visuotactile_world_model minus visuotactile_persistence,test_geometry_ood,interval_peak_mae_N_h5,-0.024920281061419733,-0.17013470947632084,0.10124886517502642,30,3,0.060693412966807664,2000,"[-0.016280880702866447, -0.08947046313020918, 0.030990500648816425]"
visuotactile_world_model minus visuotactile_persistence,test_physics_ood,contact_forecast_fraction,0.0,0.0,0.0,30,3,0.0,2000,"[0.0, 0.0, 0.0]"
visuotactile_world_model minus visuotactile_persistence,test_physics_ood,contact_phase_endpoint_force_mae_N,0.43907073444440253,0.3380678798575089,0.5589161984715645,30,3,0.10218195130083962,2000,"[0.4676643867924709, 0.5239099433721189, 0.32563787316861786]"
visuotactile_world_model minus visuotactile_persistence,test_physics_ood,endpoint_force_mae_N,0.26963632373764057,0.20472707578457852,0.3427277174012552,30,3,0.05907212218177497,2000,"[0.286373051661652, 0.3185342419393721, 0.20400167761189772]"
visuotactile_world_model minus visuotactile_persistence,test_physics_ood,endpoint_force_mae_N_h1,0.26501969261089897,0.20087570197963303,0.33646528851766516,30,3,0.06252088341095367,2000,"[0.29264506515298744, 0.30896936394772234, 0.19344464873198713]"
visuotactile_world_model minus visuotactile_persistence,test_physics_ood,endpoint_force_mae_N_h2,0.2646542744084483,0.20394882673736572,0.3347476759689014,30,3,0.06589940691583662,2000,"[0.2904287454840529, 0.3137709848131312, 0.18976309292816074]"
visuotactile_world_model minus visuotactile_persistence,test_physics_ood,endpoint_force_mae_N_h3,0.26303459994969564,0.19757952979230178,0.33791026582998884,30,3,0.06228621570544362,2000,"[0.28036947365060094, 0.3148171364841444, 0.19391718971434144]"
visuotactile_world_model minus visuotactile_persistence,test_physics_ood,endpoint_force_mae_N_h4,0.27186833072712263,0.20106910180946683,0.3510824924275543,30,3,0.05731442309781328,2000,"[0.28332543864870485, 0.3225888166482468, 0.20969073688441617]"
visuotactile_world_model minus visuotactile_persistence,test_physics_ood,endpoint_force_mae_N_h5,0.2836047209920376,0.2147988167305006,0.36225897581077926,30,3,0.049682894702054684,2000,"[0.285096535371914, 0.33252490780361565, 0.23319271980058315]"
visuotactile_world_model minus visuotactile_persistence,test_physics_ood,height_mae_m,-0.003029004164120394,-0.0034344409701583503,-0.0025732928059594064,30,3,0.000568059712567805,2000,"[-0.003546455830481136, -0.002421172807096607, -0.0031193838547834375]"
visuotactile_world_model minus visuotactile_persistence,test_physics_ood,height_mae_m_h1,-0.001119139639809469,-0.0013544092827942223,-0.000886607182901773,30,3,0.00012367553412730617,2000,"[-0.0011839894004838749, -0.0011969033212517388, -0.0009765261976927933]"
visuotactile_world_model minus visuotactile_persistence,test_physics_ood,height_mae_m_h2,-0.0020467312657813266,-0.0023624351850333,-0.0017185667044988674,30,3,0.00028104227176902174,2000,"[-0.0023512397062667232, -0.001797313699692798, -0.0019916403913844585]"
visuotactile_world_model minus visuotactile_persistence,test_physics_ood,height_mae_m_h3,-0.0029965140120179127,-0.0034193644589183047,-0.002533906533332642,30,3,0.0005918919275169323,2000,"[-0.0035487769624321826, -0.0023716845599604615, -0.0030690805136610933]"
visuotactile_world_model minus visuotactile_persistence,test_physics_ood,height_mae_m_h4,-0.003976673982909199,-0.004500160869614639,-0.0033742374082992486,30,3,0.0008692755703350743,2000,"[-0.004712955968150507, -0.003017722829713926, -0.004199343150863165]"
visuotactile_world_model minus visuotactile_persistence,test_physics_ood,height_mae_m_h5,-0.005005961920084061,-0.005619626704663123,-0.004293982704336588,30,3,0.0011483074613149438,2000,"[-0.005935317115072394, -0.0037222396248641114, -0.005360329020315678]"
visuotactile_world_model minus visuotactile_persistence,test_physics_ood,interval_peak_mae_N,0.00030480004239965414,-0.08499933572036249,0.0830734435774661,30,3,0.06154249354856805,2000,"[-0.07049856225649516, 0.040963992728127376, 0.030448969655566746]"
visuotactile_world_model minus visuotactile_persistence,test_physics_ood,interval_peak_mae_N_h1,-0.015146885536335133,-0.05446463625298606,0.022584459948318966,30,3,0.04664678091155913,2000,"[-0.06057329694430033, 0.03263129631678263, -0.0174986559814877]"
visuotactile_world_model minus visuotactile_persistence,test_physics_ood,interval_peak_mae_N_h2,-0.0047661689034214725,-0.08294615708677858,0.06798911723604902,30,3,0.05053911064769955,2000,"[-0.05614475621117486, 0.04488939854833815, -0.0030431490474277074]"
visuotactile_world_model minus visuotactile_persistence,test_physics_ood,interval_peak_mae_N_h3,-0.014520669645733305,-0.11128164871644089,0.07873793195795128,30,3,0.06106289832568541,2000,"[-0.0839363153775533, 0.030900632937749226, 0.009473673502604167]"
visuotactile_world_model minus visuotactile_persistence,test_physics_ood,interval_peak_mae_N_h4,0.0013559764402884002,-0.10955347827628807,0.11249155871846053,30,3,0.07216687288215838,2000,"[-0.08179350561565824, 0.038168337080213756, 0.04769309785630968]"
visuotactile_world_model minus visuotactile_persistence,test_physics_ood,interval_peak_mae_N_h5,0.03460174785719978,-0.09113478479782741,0.16819210699642143,30,3,0.09506096767018005,2000,"[-0.07004493713378906, 0.0582302987575531, 0.11561988194783529]"
visuotactile_world_model minus visuotactile_persistence,test_combined_ood,contact_forecast_fraction,0.0,0.0,0.0,30,3,0.0,2000,"[0.0, 0.0, 0.0]"
visuotactile_world_model minus visuotactile_persistence,test_combined_ood,contact_phase_endpoint_force_mae_N,0.5923844794298433,0.33564315774558595,0.8857706666927273,30,3,0.0964349167044801,2000,"[0.5422885872955715, 0.7035573020034426, 0.5313075489905158]"
visuotactile_world_model minus visuotactile_persistence,test_combined_ood,endpoint_force_mae_N,0.2282855714783295,0.12645950003109363,0.3547814484904157,30,3,0.035539746474033226,2000,"[0.2079400047927306, 0.2693228492543761, 0.20759386038788188]"
visuotactile_world_model minus visuotactile_persistence,test_combined_ood,endpoint_force_mae_N_h1,0.2249575096712143,0.11510117890730853,0.3591846155232554,30,3,0.026845575235058802,2000,"[0.21702851607649656, 0.25487452474970335, 0.20296948818744298]"
visuotactile_world_model minus visuotactile_persistence,test_combined_ood,endpoint_force_mae_N_h2,0.22395029261870666,0.11945665965439574,0.3535845945401341,30,3,0.03554553666826624,2000,"[0.20800068654939188, 0.2646770837870685, 0.19917310751965958]"
visuotactile_world_model minus visuotactile_persistence,test_combined_ood,endpoint_force_mae_N_h3,0.22511458331354164,0.12465068438774028,0.3497913092608746,30,3,0.03801590229353401,2000,"[0.20481993071736523, 0.2689710201634066, 0.20155279905985313]"
visuotactile_world_model minus visuotactile_persistence,test_combined_ood,endpoint_force_mae_N_h4,0.22636222458816777,0.1279847652838351,0.3459262734441019,30,3,0.04011163767804029,2000,"[0.2004856954223942, 0.2725683025341843, 0.2060326758079248]"
visuotactile_world_model minus visuotactile_persistence,test_combined_ood,endpoint_force_mae_N_h5,0.24104324720001724,0.13818942323034994,0.36484693352425307,30,3,0.03966022581203317,2000,"[0.20936519519800506, 0.2855233150375177, 0.22824123136452895]"
visuotactile_world_model minus visuotactile_persistence,test_combined_ood,height_mae_m,-0.0005975223695724572,-0.0014351518784165955,0.00022107752201764986,30,3,0.0005884720428691816,2000,"[-0.0011995925598926583, -2.3663229129548807e-05, -0.0005693113196951647]"
visuotactile_world_model minus visuotactile_persistence,test_combined_ood,height_mae_m_h1,-0.00010746055250584269,-0.0005953227974861404,0.0004034254989035412,30,3,0.00016869257668003697,2000,"[-0.00029516072859728915, -5.870667658907931e-05, 3.148574766884041e-05]"
visuotactile_world_model minus visuotactile_persistence,test_combined_ood,height_mae_m_h2,-0.00016685488206955295,-0.0008750347453277316,0.0005626703669272319,30,3,0.0003765869005754031,2000,"[-0.0005748012928395636, 0.0001675119126513083, -9.327526602040356e-05]"
visuotactile_world_model minus visuotactile_persistence,test_combined_ood,height_mae_m_h3,-0.0004714971032323471,-0.0013651532424156798,0.00040592706732651756,30,3,0.0006231616740996658,2000,"[-0.0011153349827671061, 0.0001286933958504556, -0.00042784972278039077]"
visuotactile_world_model minus visuotactile_persistence,test_combined_ood,height_mae_m_h4,-0.0008882942348955785,-0.0019357194171626124,0.00010316696444648042,30,3,0.0008212251222943922,2000,"[-0.0016906249185881783, -4.9396318305904664e-05, -0.0009248614677926525]"
visuotactile_world_model minus visuotactile_persistence,test_combined_ood,height_mae_m_h5,-0.0013535050751589653,-0.002528984892381737,-0.00029780310908541634,30,3,0.001010104502133012,2000,"[-0.0023220408766711545, -0.00030641845925452393, -0.0014320558895512174]"
visuotactile_world_model minus visuotactile_persistence,test_combined_ood,interval_peak_mae_N,-0.0358290834206122,-0.10991135015984377,0.027338962322473504,30,3,0.0632701883233276,2000,"[-0.10122307892640432, -0.03134264653258854, 0.02507847519715627]"
visuotactile_world_model minus visuotactile_persistence,test_combined_ood,interval_peak_mae_N_h1,-0.07628987815645007,-0.12524675198727184,-0.038856787523737675,30,3,0.048579455965639284,2000,"[-0.1053461820549435, -0.10331605143017239, -0.02020740098423428]"
visuotactile_world_model minus visuotactile_persistence,test_combined_ood,interval_peak_mae_N_h2,-0.06547732949256897,-0.13255141979676707,-0.01132448352597378,30,3,0.05447015530706918,2000,"[-0.11948415928416782, -0.0663924491405487, -0.010555380052990384]"
visuotactile_world_model minus visuotactile_persistence,test_combined_ood,interval_peak_mae_N_h3,-0.04733893553415935,-0.13193690608497022,0.02819141082631212,30,3,0.06212238900066345,2000,"[-0.11376074234644572, -0.03758648263083564, 0.00933041837480333]"
visuotactile_world_model minus visuotactile_persistence,test_combined_ood,interval_peak_mae_N_h4,-0.01213003315307476,-0.10281741107613954,0.0702274595885365,30,3,0.07434114928572266,2000,"[-0.09382753206623926, 0.005898867911762661, 0.05153856469525231]"
visuotactile_world_model minus visuotactile_persistence,test_combined_ood,interval_peak_mae_N_h5,0.02209075923319216,-0.07671310703401213,0.11564295510782129,30,3,0.08672723111359293,2000,"[-0.07369677888022529, 0.0446828826268514, 0.09528617395295037]"
visuotactile_shuffled_touch minus visuotactile_world_model,test_id,contact_forecast_fraction,0.0,0.0,0.0,30,3,0.0,2000,"[0.0, 0.0, 0.0]"
visuotactile_shuffled_touch minus visuotactile_world_model,test_id,contact_phase_endpoint_force_mae_N,2.432774982553612,1.8764979767443029,2.9932773488094693,30,3,0.027121973985182745,2000,"[2.4146204978881785, 2.419752168602411, 2.4639522811702466]"
visuotactile_shuffled_touch minus visuotactile_world_model,test_id,endpoint_force_mae_N,1.7453148280573132,1.4052660197292557,2.1027668075324843,30,3,0.028130910680253945,2000,"[1.742182740204976, 1.7188810388596159, 1.7748807051073483]"
visuotactile_shuffled_touch minus visuotactile_world_model,test_id,endpoint_force_mae_N_h1,1.8053694869303663,1.4664808773059697,2.1675822466806993,30,3,0.03316140047713194,2000,"[1.8020990773850913, 1.7739644617150123, 1.8400449216909949]"
visuotactile_shuffled_touch minus visuotactile_world_model,test_id,endpoint_force_mae_N_h2,1.7637837542806334,1.427621784574987,2.1238133807406294,30,3,0.030700219176129334,2000,"[1.7615962325807886, 1.7342358030525415, 1.7955192272085696]"
visuotactile_shuffled_touch minus visuotactile_world_model,test_id,endpoint_force_mae_N_h3,1.7367342607166478,1.3966736891652847,2.0918464727543173,30,3,0.027838950318139995,2000,"[1.7328070266772475, 1.7110674637073169, 1.7663282917653798]"
visuotactile_shuffled_touch minus visuotactile_world_model,test_id,endpoint_force_mae_N_h4,1.7209804253626106,1.378892291792182,2.076498166579616,30,3,0.02610554179622524,2000,"[1.7173856192818602, 1.6968585818976216, 1.7486970749083492]"
visuotactile_shuffled_touch minus visuotactile_world_model,test_id,endpoint_force_mae_N_h5,1.6997062129963096,1.3554570648462667,2.056287579712041,30,3,0.022885598242754414,2000,"[1.6970257450998933, 1.6782788839255873, 1.7238140099634485]"
visuotactile_shuffled_touch minus visuotactile_world_model,test_id,height_mae_m,0.025629660686988954,0.016762745382517836,0.0344337735426031,30,3,0.0002878911021223681,2000,"[0.025730095259398997, 0.025853880933165783, 0.025305005868402078]"
visuotactile_shuffled_touch minus visuotactile_world_model,test_id,height_mae_m_h1,0.025226671291165986,0.016384251836879464,0.033936318606792505,30,3,0.00021720477207229683,2000,"[0.025421144554630803, 0.02526659524181418, 0.024992274077052973]"
visuotactile_shuffled_touch minus visuotactile_world_model,test_id,height_mae_m_h2,0.025499689252702174,0.016626226263781265,0.03434416410806793,30,3,0.0003196772694921296,2000,"[0.02567384581382309, 0.025694472065224544, 0.02513074987905889]"
visuotactile_shuffled_touch minus visuotactile_world_model,test_id,height_mae_m_h3,0.025673951775070574,0.016813183492070866,0.03451359688324817,30,3,0.0003328185635811646,2000,"[0.025784867272822237, 0.02593714981310768, 0.0252998382392818]"
visuotactile_shuffled_touch minus visuotactile_world_model,test_id,height_mae_m_h4,0.025821457656156444,0.016984220557096436,0.034699620617464656,30,3,0.00031789099272528314,2000,"[0.025864416754920967, 0.026115684568746172, 0.025484271644802194]"
visuotactile_shuffled_touch minus visuotactile_world_model,test_id,height_mae_m_h5,0.025926533459849587,0.017099690470090773,0.03483120417635385,30,3,0.0003192896056919304,2000,"[0.025906201900797895, 0.02625550297693634, 0.025617895501814526]"
visuotactile_shuffled_touch minus visuotactile_world_model,test_id,interval_peak_mae_N,4.772381246699228,3.7266344790716963,5.846021352956251,30,3,0.0835684591249301,2000,"[4.759727337492837, 4.695861377000809, 4.861555025604036]"
visuotactile_shuffled_touch minus visuotactile_world_model,test_id,interval_peak_mae_N_h1,4.895580635070801,3.874742862534744,5.984632684295925,30,3,0.08231374539312541,2000,"[4.877422768142488, 4.82386184838083, 4.9854572886890836]"
visuotactile_shuffled_touch minus visuotactile_world_model,test_id,interval_peak_mae_N_h2,4.7958007985132705,3.7610233919167957,5.882863519227063,30,3,0.08826053710451272,2000,"[4.7833204317092894, 4.714444733460744, 4.88963723036978]"
visuotactile_shuffled_touch minus visuotactile_world_model,test_id,interval_peak_mae_N_h3,4.7558306389384795,3.711649215545919,5.8305194554052955,30,3,0.08432056015057363,2000,"[4.7418866231706405, 4.67935128264957, 4.846254010995229]"
visuotactile_shuffled_touch minus visuotactile_world_model,test_id,interval_peak_mae_N_h4,4.723941499568798,3.6927550843115204,5.792953747938077,30,3,0.08411890348051729,2000,"[4.712334158817927, 4.646229050821728, 4.813261289066738]"
visuotactile_shuffled_touch minus visuotactile_world_model,test_id,interval_peak_mae_N_h5,4.690752661404786,3.6496911735700235,5.78291487594887,30,3,0.07911063355119209,2000,"[4.683672705623839, 4.61541996969117, 4.773165308899349]"
visuotactile_shuffled_touch minus visuotactile_world_model,test_geometry_ood,contact_forecast_fraction,0.0,0.0,0.0,30,3,0.0,2000,"[0.0, 0.0, 0.0]"
visuotactile_shuffled_touch minus visuotactile_world_model,test_geometry_ood,contact_phase_endpoint_force_mae_N,1.5924215684879155,1.1239650840689839,2.0561889158144515,30,3,0.1306974415064599,2000,"[1.7161020317389017, 1.4556868879770037, 1.6054757857478417]"
visuotactile_shuffled_touch minus visuotactile_world_model,test_geometry_ood,endpoint_force_mae_N,1.127627425752676,0.8130573242350192,1.446594417684639,30,3,0.12267075725714109,2000,"[1.2355716380198698, 0.9942251618416221, 1.1530854773965353]"
visuotactile_shuffled_touch minus visuotactile_world_model,test_geometry_ood,endpoint_force_mae_N_h1,1.1570833714668822,0.8453153076223077,1.4654541208452816,30,3,0.10986034369654268,2000,"[1.2601376161058606, 1.0414925143706906, 1.1696199839240957]"
visuotactile_shuffled_touch minus visuotactile_world_model,test_geometry_ood,endpoint_force_mae_N_h2,1.144908863306606,0.8360644467143262,1.4575074043783045,30,3,0.11939023926646392,2000,"[1.248786813077836, 1.014477481809919, 1.1714622950320632]"
visuotactile_shuffled_touch minus visuotactile_world_model,test_geometry_ood,endpoint_force_mae_N_h3,1.1313502002319316,0.8183698115529758,1.449593220900927,30,3,0.12687522151050454,2000,"[1.2403168789490506, 0.9920610884851689, 1.161672633261575]"
visuotactile_shuffled_touch minus visuotactile_world_model,test_geometry_ood,endpoint_force_mae_N_h4,1.1153183133907243,0.7984647834993718,1.4374541064037814,30,3,0.12696791631725687,2000,"[1.2255610455359285, 0.9764965483894641, 1.1438973462467805]"
visuotactile_shuffled_touch minus visuotactile_world_model,test_geometry_ood,endpoint_force_mae_N_h5,1.0894763803672345,0.7653368754844054,1.4149607034230347,30,3,0.1307151305748503,2000,"[1.2030558364306732, 0.9465981761528679, 1.1187751285181622]"
visuotactile_shuffled_touch minus visuotactile_world_model,test_geometry_ood,height_mae_m,0.015550114790861025,0.008475813890799919,0.023362002985677057,30,3,0.0005104344161747694,2000,"[0.015525392747521335, 0.015052490608191065, 0.01607246101687067]"
visuotactile_shuffled_touch minus visuotactile_world_model,test_geometry_ood,height_mae_m_h1,0.01562539114276997,0.008937358394173148,0.023261825469701857,30,3,0.0007717576385146514,2000,"[0.01578487848999632, 0.014786349970042162, 0.01630494496827143]"
visuotactile_shuffled_touch minus visuotactile_world_model,test_geometry_ood,height_mae_m_h2,0.01553782832652494,0.00852342859998532,0.02328558552455822,30,3,0.0006725365201233376,2000,"[0.015671659826669685, 0.014808438261421138, 0.016133386891484]"
visuotactile_shuffled_touch minus visuotactile_world_model,test_geometry_ood,height_mae_m_h3,0.01552785014590309,0.00834657921006416,0.023412297092053665,30,3,0.00046504799609579077,2000,"[0.015475725742936548, 0.01509106040169071, 0.016016764293082006]"
visuotactile_shuffled_touch minus visuotactile_world_model,test_geometry_ood,height_mae_m_h4,0.015516159525766312,0.008203124419823495,0.023555146087770273,30,3,0.0003584717939016243,2000,"[0.01537349959474846, 0.015250980746835315, 0.015923998235715164]"
visuotactile_shuffled_touch minus visuotactile_world_model,test_geometry_ood,height_mae_m_h5,0.015543344813340807,0.008185305261601807,0.02364531171554982,30,3,0.0003809414494697871,2000,"[0.015321200083255665, 0.015325623660966004, 0.01598321069580076]"
visuotactile_shuffled_touch minus visuotactile_world_model,test_geometry_ood,interval_peak_mae_N,2.902473892459163,1.987765175176329,3.799726828804721,30,3,0.34985233689994427,2000,"[3.221601022693846, 2.528399106899897, 2.9574215477837456]"
visuotactile_shuffled_touch minus visuotactile_world_model,test_geometry_ood,interval_peak_mae_N_h1,2.924604966640473,2.0128370048635538,3.8121857086210325,30,3,0.3148003607853449,2000,"[3.228937769068612, 2.600289135641522, 2.9445879952112834]"
visuotactile_shuffled_touch minus visuotactile_world_model,test_geometry_ood,interval_peak_mae_N_h2,2.927142144529908,2.0222206748723983,3.811704567035039,30,3,0.33362460405342953,2000,"[3.232178342077467, 2.570859316057629, 2.978388775454627]"
visuotactile_shuffled_touch minus visuotactile_world_model,test_geometry_ood,interval_peak_mae_N_h3,2.9148021171711114,1.9999376152809023,3.822493816372421,30,3,0.35678637133994423,2000,"[3.232969401809904, 2.5290608056386312, 2.9823761440647973]"
visuotactile_shuffled_touch minus visuotactile_world_model,test_geometry_ood,interval_peak_mae_N_h4,2.888066728733204,1.9649385675633397,3.802114513795684,30,3,0.36766394350820875,2000,"[3.2161268128289118, 2.4906717122925652, 2.9574016610781353]"
visuotactile_shuffled_touch minus visuotactile_world_model,test_geometry_ood,interval_peak_mae_N_h5,2.8577535052211194,1.9196668954579919,3.780212205396758,30,3,0.3777680874952121,2000,"[3.197792787684335, 2.451114564869139, 2.924353163109885]"
visuotactile_shuffled_touch minus visuotactile_world_model,test_physics_ood,contact_forecast_fraction,0.0,0.0,0.0,30,3,0.0,2000,"[0.0, 0.0, 0.0]"
visuotactile_shuffled_touch minus visuotactile_world_model,test_physics_ood,contact_phase_endpoint_force_mae_N,2.069301301295104,1.5752213733737408,2.5627593642365887,30,3,0.13004415739590017,2000,"[1.9991378936819926, 1.98940776843351, 2.219358241769809]"
visuotactile_shuffled_touch minus visuotactile_world_model,test_physics_ood,endpoint_force_mae_N,1.4108118285899565,1.0626098696047808,1.763419841098734,30,3,0.08894270542116159,2000,"[1.3719960105538895, 1.3478740998954875, 1.5125653753204926]"
visuotactile_shuffled_touch minus visuotactile_world_model,test_physics_ood,endpoint_force_mae_N_h1,1.4756516903417365,1.1332059081571066,1.811363731159737,30,3,0.08543319488872754,2000,"[1.428083472000435, 1.4245907646618974, 1.5742808343628767]"
visuotactile_shuffled_touch minus visuotactile_world_model,test_physics_ood,endpoint_force_mae_N_h2,1.4295133964965814,1.0825854408028257,1.7752169120109718,30,3,0.09334072504401932,2000,"[1.3870715652463346, 1.364935074526972, 1.5365335497164374]"
visuotactile_shuffled_touch minus visuotactile_world_model,test_physics_ood,endpoint_force_mae_N_h3,1.4034745966536455,1.0542416414507798,1.758418773550885,30,3,0.09282847792644315,2000,"[1.364752557367276, 1.3362759312854529, 1.5093953013082069]"
visuotactile_shuffled_touch minus visuotactile_world_model,test_physics_ood,endpoint_force_mae_N_h4,1.3838738693947255,1.0338651245348556,1.7402706613700798,30,3,0.08959372304433492,2000,"[1.348420405017074, 1.3174321745656845, 1.4857690286014178]"
visuotactile_shuffled_touch minus visuotactile_world_model,test_physics_ood,endpoint_force_mae_N_h5,1.3615455900630942,1.0100159627467593,1.7197419754568075,30,3,0.08442317758199387,2000,"[1.3316520531383274, 1.2961365544374308, 1.4568481626135246]"
visuotactile_shuffled_touch minus visuotactile_world_model,test_physics_ood,height_mae_m,0.006574020952269267,0.0014157269489431202,0.01329634666513698,30,3,0.00020319567693142387,2000,"[0.0065107975423080566, 0.006801312455512945, 0.006409952858986798]"
visuotactile_shuffled_touch minus visuotactile_world_model,test_physics_ood,height_mae_m_h1,0.006489967470891619,0.0014081550807720675,0.013227058663375452,30,3,0.0002182119897305795,2000,"[0.00627669833387093, 0.006712807369994051, 0.006480396708809874]"
visuotactile_shuffled_touch minus visuotactile_world_model,test_physics_ood,height_mae_m_h2,0.006595041346450604,0.00145106869459239,0.013322870283843291,30,3,0.0002408807792436714,2000,"[0.006458776343141734, 0.006873167744359105, 0.006453179951850972]"
visuotactile_shuffled_touch minus visuotactile_world_model,test_physics_ood,height_mae_m_h3,0.00660447395405316,0.0014289065663678126,0.01331451060732972,30,3,0.0002261516654366959,2000,"[0.0065490648387074345, 0.00685318065703743, 0.006411176366414616]"
visuotactile_shuffled_touch minus visuotactile_world_model,test_physics_ood,height_mae_m_h4,0.006603374486111095,0.0014257751258712097,0.013368292732058758,30,3,0.0002231048303452666,2000,"[0.006607975030023631, 0.00682414346701181, 0.006378004961297847]"
visuotactile_shuffled_touch minus visuotactile_world_model,test_physics_ood,height_mae_m_h5,0.006577247503839856,0.0013951297691438176,0.013387642659357811,30,3,0.00022053999287676232,2000,"[0.006661473165796552, 0.006743263039162331, 0.006327006306560684]"
visuotactile_shuffled_touch minus visuotactile_world_model,test_physics_ood,interval_peak_mae_N,3.8031891248314467,2.79251917075581,4.826221147925324,30,3,0.189815368700992,2000,"[3.7453384249740176, 3.649030213859346, 4.015198735660976]"
visuotactile_shuffled_touch minus visuotactile_world_model,test_physics_ood,interval_peak_mae_N_h1,3.922163134371793,2.9290650292381093,4.90171204118265,30,3,0.19130961096901936,2000,"[3.843848688999812, 3.78243630806605, 4.1402044060495165]"
visuotactile_shuffled_touch minus visuotactile_world_model,test_physics_ood,interval_peak_mae_N_h2,3.8310230072780893,2.8295345984012994,4.844433485080798,30,3,0.20766538082863745,2000,"[3.7593390256828734, 3.6686959654755062, 4.065034030675888]"
visuotactile_shuffled_touch minus visuotactile_world_model,test_physics_ood,interval_peak_mae_N_h3,3.78827919544997,2.7722869957376415,4.813959255774816,30,3,0.19707154486313774,2000,"[3.72959313498603, 3.627216990656323, 4.0080274607075586]"
visuotactile_shuffled_touch minus visuotactile_world_model,test_physics_ood,interval_peak_mae_N_h4,3.758285286426544,2.734845035711924,4.795951027094212,30,3,0.18600158758223695,2000,"[3.709564526610904, 3.601492951048745, 3.9637983816199833]"
visuotactile_shuffled_touch minus visuotactile_world_model,test_physics_ood,interval_peak_mae_N_h5,3.716195000630838,2.693463027231119,4.7789087508364965,30,3,0.16907513245214967,2000,"[3.6843467485904693, 3.5653088540501066, 3.898929399251938]"
visuotactile_shuffled_touch minus visuotactile_world_model,test_combined_ood,contact_forecast_fraction,0.0,0.0,0.0,30,3,0.0,2000,"[0.0, 0.0, 0.0]"
visuotactile_shuffled_touch minus visuotactile_world_model,test_combined_ood,contact_phase_endpoint_force_mae_N,1.8145545572832653,1.1488056115119436,2.4653774517389806,30,3,0.12264780305607549,2000,"[1.8582691750950064, 1.6760385250144934, 1.909355971740296]"
visuotactile_shuffled_touch minus visuotactile_world_model,test_combined_ood,endpoint_force_mae_N,1.0454195075370272,0.6928627454997626,1.3999111617067501,30,3,0.05259683175270409,2000,"[1.0641353174146195, 0.9860244608344209, 1.086098744362041]"
visuotactile_shuffled_touch minus visuotactile_world_model,test_combined_ood,endpoint_force_mae_N_h1,1.0933570103235197,0.7281841105021188,1.4554260437208466,30,3,0.04420732035705033,2000,"[1.1035781198428702, 1.044934403392469, 1.1315585077352202]"
visuotactile_shuffled_touch minus visuotactile_world_model,test_combined_ood,endpoint_force_mae_N_h2,1.0577733031974066,0.7009969557016857,1.4154344764825553,30,3,0.05370775701336331,2000,"[1.071683214079261, 0.9984789844832159, 1.1031577110297426]"
visuotactile_shuffled_touch minus visuotactile_world_model,test_combined_ood,endpoint_force_mae_N_h3,1.0409891385162167,0.6890267741136755,1.3980697874284582,30,3,0.054709776399317955,2000,"[1.0577295892007856, 0.979864978564071, 1.0853728477837932]"
visuotactile_shuffled_touch minus visuotactile_world_model,test_combined_ood,endpoint_force_mae_N_h4,1.0225498742740717,0.6681348930399744,1.3789635850694197,30,3,0.05744058220396106,2000,"[1.0467448639805876, 0.9569699305356307, 1.0639348283059964]"
visuotactile_shuffled_touch minus visuotactile_world_model,test_combined_ood,endpoint_force_mae_N_h5,1.012428211373921,0.6592329592052172,1.3690858841970701,30,3,0.05424402160639477,2000,"[1.0409407999695934, 0.9498740071967176, 1.0464698269554518]"
visuotactile_shuffled_touch minus visuotactile_world_model,test_combined_ood,height_mae_m,0.018420001685257172,0.010050126997943503,0.026710778795551057,30,3,0.00039707126177330473,2000,"[0.018636724457400205, 0.01866155316970091, 0.017961727428670405]"
visuotactile_shuffled_touch minus visuotactile_world_model,test_combined_ood,height_mae_m_h1,0.018533480901603106,0.010278330094290949,0.026734720644401223,30,3,0.0002925838636858723,2000,"[0.01882604312158138, 0.01824087539901181, 0.018533524184216124]"
visuotactile_shuffled_touch minus visuotactile_world_model,test_combined_ood,height_mae_m_h2,0.018484974720092768,0.010120713138169472,0.026720981763100185,30,3,0.00030636436399872927,2000,"[0.01875307361084399, 0.018550803643011024, 0.018151046906423288]"
visuotactile_shuffled_touch minus visuotactile_world_model,test_combined_ood,height_mae_m_h3,0.018424158590480348,0.010035366495666595,0.026766650676680537,30,3,0.00046237504984725556,2000,"[0.018633179172304355, 0.018745116845998888, 0.017894179753137805]"
visuotactile_shuffled_touch minus visuotactile_world_model,test_combined_ood,height_mae_m_h4,0.018360164630759287,0.009973948205892357,0.0266914169990942,30,3,0.0006024358494445099,2000,"[0.01853058005979013, 0.018859035582912232, 0.01769087824957549]"
visuotactile_shuffled_touch minus visuotactile_world_model,test_combined_ood,height_mae_m_h5,0.018297229583350363,0.0099051461713844,0.026640382341776174,30,3,0.0006976241581558501,2000,"[0.018440746322481168, 0.018911934377570612, 0.017539008049999312]"
visuotactile_shuffled_touch minus visuotactile_world_model,test_combined_ood,interval_peak_mae_N,2.707421826141852,1.7599354682666286,3.688309728096369,30,3,0.129885946033784,2000,"[2.7902937157154084, 2.5577290274567073, 2.77424273525344]"
visuotactile_shuffled_touch minus visuotactile_world_model,test_combined_ood,interval_peak_mae_N_h1,2.792471016203916,1.8452675984656368,3.771800515935377,30,3,0.08398349897362568,2000,"[2.8425708084636265, 2.6955132887098525, 2.8393289514382682]"
visuotactile_shuffled_touch minus visuotactile_world_model,test_combined_ood,interval_peak_mae_N_h2,2.725683758700335,1.7713995369518243,3.7039889037708433,30,3,0.12041753037835969,2000,"[2.7924197893672518, 2.5866743297047083, 2.797957157029046]"
visuotactile_shuffled_touch minus visuotactile_world_model,test_combined_ood,interval_peak_mae_N_h3,2.7039313412595676,1.7482349902700496,3.6961804689555255,30,3,0.13773898679899962,2000,"[2.7856112507979076, 2.5449037273724873, 2.7812790456083087]"
visuotactile_shuffled_touch minus visuotactile_world_model,test_combined_ood,interval_peak_mae_N_h4,2.6745415210282366,1.7281008086061034,3.6712713972296975,30,3,0.1499303546988039,2000,"[2.774208447800742, 2.5021152803632947, 2.7473008349206713]"
visuotactile_shuffled_touch minus visuotactile_world_model,test_combined_ood,interval_peak_mae_N_h5,2.6404814935172047,1.6966570119416273,3.626556265047302,30,3,0.1588729536123777,2000,"[2.7566582821475136, 2.459438511133194, 2.705347687270906]"
