seed,alpha,split,method,frame_joint_constraint_coverage,trajectory_joint_constraint_coverage,mean_normal_upper_margin_N,mean_g_upper_margin_N,q_N,trajectories,frames
17,0.2,test_id,point,0.3341108519382428,0.0,0.0,0.0,0.0,116,9003
17,0.2,test_batch6,point,0.3784758887715593,0.0,0.0,0.0,0.0,153,11364
17,0.2,test_flat,point,0.7988501341510157,0.5805369127516778,0.0,0.0,0.0,298,13045
17,0.2,test_sharp,point,0.4610675339582935,0.19736842105263158,0.0,0.0,0.0,304,20908
17,0.2,test_id,frame_constraint,0.7968454959457959,0.017241379310344827,0.05480378866195679,0.054803782701492325,0.05480378270149233,116,9003
17,0.2,test_batch6,frame_constraint,0.7992784230904612,0.013071895424836602,0.05480378121137619,0.054803782701492325,0.05480378270149233,153,11364
17,0.2,test_flat,frame_constraint,0.870218474511307,0.6912751677852349,0.054803792387247086,0.054803782701492346,0.05480378270149233,298,13045
17,0.2,test_sharp,frame_constraint,0.6794050124354314,0.2993421052631579,0.05480378866195679,0.05480378270149233,0.05480378270149233,304,20908
17,0.2,test_id,trajectory_coordinate_box,0.9976674441852715,0.9827586206896551,0.30362290143966675,0.5822666392728507,0.30362290143966675,116,9003
17,0.2,test_batch6,trajectory_coordinate_box,0.9993840197113693,0.9803921568627451,0.30362293124198914,0.5839286591681085,0.30362290143966675,153,11364
17,0.2,test_flat,trajectory_coordinate_box,0.9982368723648908,0.9798657718120806,0.30362293124198914,0.5848611919919245,0.30362290143966675,298,13045
17,0.2,test_sharp,trajectory_coordinate_box,0.9922995982399082,0.9243421052631579,0.30362293124198914,0.5735971148316077,0.30362290143966675,304,20908
17,0.2,test_id,trajectory_constraint,0.9804509607908475,0.7586206896551724,0.2611377239227295,0.2611377596855164,0.26113775968551634,116,9003
17,0.2,test_batch6,trajectory_constraint,0.9796726504751848,0.7581699346405228,0.2611377537250519,0.2611377596855164,0.26113775968551634,153,11364
17,0.2,test_flat,trajectory_constraint,0.9854350325795324,0.9228187919463087,0.2611377537250519,0.2611377596855164,0.26113775968551634,298,13045
17,0.2,test_sharp,trajectory_constraint,0.9610675339582935,0.7171052631578947,0.2611377537250519,0.2611377596855164,0.26113775968551634,304,20908
17,0.1,test_id,point,0.3341108519382428,0.0,0.0,0.0,0.0,116,9003
17,0.1,test_batch6,point,0.3784758887715593,0.0,0.0,0.0,0.0,153,11364
17,0.1,test_flat,point,0.7988501341510157,0.5805369127516778,0.0,0.0,0.0,298,13045
17,0.1,test_sharp,point,0.4610675339582935,0.19736842105263158,0.0,0.0,0.0,304,20908
17,0.1,test_id,frame_constraint,0.8980339886704432,0.1810344827586207,0.11557513475418091,0.11557513475418091,0.11557513475418091,116,9003
17,0.1,test_batch6,frame_constraint,0.8790918690601901,0.1895424836601307,0.11557511985301971,0.11557513475418091,0.11557513475418091,153,11364
17,0.1,test_flat,frame_constraint,0.9346876197776927,0.761744966442953,0.11557512730360031,0.11557513475418091,0.11557513475418091,298,13045
17,0.1,test_sharp,frame_constraint,0.8529271092404821,0.3881578947368421,0.11557511985301971,0.11557513475418091,0.11557513475418091,304,20908
17,0.1,test_id,trajectory_coordinate_box,0.9994446295679218,0.9913793103448276,0.3576802611351013,0.6869716038307813,0.3576802611351013,116,9003
17,0.1,test_batch6,trajectory_coordinate_box,0.9999120028159099,0.9934640522875817,0.3576802909374237,0.6887859613584926,0.3576802611351013,153,11364
17,0.1,test_flat,trajectory_coordinate_box,0.9994633959371406,0.9932885906040269,0.3576802909374237,0.6894863015766822,0.3576802611351013,298,13045
17,0.1,test_sharp,trajectory_coordinate_box,0.9957432561698871,0.9506578947368421,0.3576803207397461,0.6773231316438286,0.3576802611351013,304,20908
17,0.1,test_id,trajectory_constraint,0.9911140730867488,0.8620689655172413,0.3327372372150421,0.3327372491359712,0.3327372491359711,116,9003
17,0.1,test_batch6,trajectory_constraint,0.992696233720521,0.8431372549019608,0.3327372372150421,0.33273724913597114,0.3327372491359711,153,11364
17,0.1,test_flat,trajectory_constraint,0.9922575699501724,0.9496644295302014,0.33273717761039734,0.3327372491359711,0.3327372491359711,298,13045
17,0.1,test_sharp,trajectory_constraint,0.9777118806198585,0.7960526315789473,0.3327372074127197,0.3327372491359712,0.3327372491359711,304,20908
17,0.05,test_id,point,0.3341108519382428,0.0,0.0,0.0,0.0,116,9003
17,0.05,test_batch6,point,0.3784758887715593,0.0,0.0,0.0,0.0,153,11364
17,0.05,test_flat,point,0.7988501341510157,0.5805369127516778,0.0,0.0,0.0,298,13045
17,0.05,test_sharp,point,0.4610675339582935,0.19736842105263158,0.0,0.0,0.0,304,20908
17,0.05,test_id,frame_constraint,0.9429079195823614,0.5086206896551724,0.16489779949188232,0.16489783525466917,0.16489783525466917,116,9003
17,0.05,test_batch6,frame_constraint,0.9307462161210841,0.35947712418300654,0.16489781439304352,0.1648978352546692,0.16489783525466917,153,11364
17,0.05,test_flat,frame_constraint,0.962974319662706,0.8322147651006712,0.16489779949188232,0.1648978352546692,0.16489783525466917,298,13045
17,0.05,test_sharp,frame_constraint,0.9161086665391238,0.5032894736842105,0.1648978292942047,0.16489783525466922,0.16489783525466917,304,20908
17,0.05,test_id,trajectory_coordinate_box,0.9998889259135844,0.9913793103448276,0.449983149766922,0.8659400880398705,0.449983149766922,116,9003
17,0.05,test_batch6,trajectory_coordinate_box,1.0,1.0,0.449983149766922,0.8679738594786643,0.449983149766922,153,11364
17,0.05,test_flat,trajectory_coordinate_box,0.9997700268302031,0.9966442953020134,0.4499831199645996,0.8683095517297449,0.449983149766922,298,13045
17,0.05,test_sharp,trajectory_coordinate_box,0.9974650851348766,0.9835526315789473,0.44998306035995483,0.8548813428847741,0.449983149766922,304,20908
17,0.05,test_id,trajectory_constraint,0.9966677774075309,0.9482758620689655,0.41249576210975647,0.41249576210975647,0.4124957621097564,116,9003
17,0.05,test_batch6,trajectory_constraint,0.9974480816613869,0.954248366013072,0.41249579191207886,0.41249576210975647,0.4124957621097564,153,11364
17,0.05,test_flat,trajectory_constraint,0.9964737447297816,0.9664429530201343,0.4124957323074341,0.41249576210975647,0.4124957621097564,298,13045
17,0.05,test_sharp,trajectory_constraint,0.9884733116510427,0.8848684210526315,0.4124957323074341,0.41249576210975647,0.4124957621097564,304,20908
29,0.2,test_id,point,0.3185604798400533,0.0,0.0,0.0,0.0,116,9003
29,0.2,test_batch6,point,0.32770151355156635,0.0,0.0,0.0,0.0,153,11364
29,0.2,test_flat,point,0.7773093139133768,0.5369127516778524,0.0,0.0,0.0,298,13045
29,0.2,test_sharp,point,0.46585039219437535,0.24671052631578946,0.0,0.0,0.0,304,20908
29,0.2,test_id,frame_constraint,0.7936243474397423,0.008620689655172414,0.04816403239965439,0.04816404134035112,0.0481640413403511,116,9003
29,0.2,test_batch6,frame_constraint,0.7982224568813798,0.006535947712418301,0.04816403239965439,0.04816404134035111,0.0481640413403511,153,11364
29,0.2,test_flat,frame_constraint,0.848677654273668,0.6543624161073825,0.04816403239965439,0.04816404134035111,0.0481640413403511,298,13045
29,0.2,test_sharp,frame_constraint,0.6407595178878898,0.3157894736842105,0.04816402867436409,0.04816404134035111,0.0481640413403511,304,20908
29,0.2,test_id,trajectory_coordinate_box,0.9958902588026214,0.9741379310344828,0.2818092107772827,0.5396047201612919,0.2818092107772827,116,9003
29,0.2,test_batch6,trajectory_coordinate_box,0.9980640619500176,0.9803921568627451,0.2818092405796051,0.5414982451499494,0.2818092107772827,153,11364
29,0.2,test_flat,trajectory_coordinate_box,0.9971636642391721,0.9731543624161074,0.2818092405796051,0.5411510598065334,0.2818092107772827,298,13045
29,0.2,test_sharp,trajectory_coordinate_box,0.9908647407690836,0.9144736842105263,0.2818092405796051,0.5392785979945425,0.2818092107772827,304,20908
29,0.2,test_id,trajectory_constraint,0.9831167388648229,0.7586206896551724,0.24723361432552338,0.24723359942436218,0.24723359942436218,116,9003
29,0.2,test_batch6,trajectory_constraint,0.9840725096796903,0.738562091503268,0.24723361432552338,0.24723359942436218,0.24723359942436218,153,11364
29,0.2,test_flat,trajectory_constraint,0.9783825220390955,0.8959731543624161,0.24723362922668457,0.24723359942436218,0.24723359942436218,298,13045
29,0.2,test_sharp,trajectory_constraint,0.9634589630763344,0.6973684210526315,0.24723359942436218,0.24723359942436218,0.24723359942436218,304,20908
29,0.1,test_id,point,0.3185604798400533,0.0,0.0,0.0,0.0,116,9003
29,0.1,test_batch6,point,0.32770151355156635,0.0,0.0,0.0,0.0,153,11364
29,0.1,test_flat,point,0.7773093139133768,0.5369127516778524,0.0,0.0,0.0,298,13045
29,0.1,test_sharp,point,0.46585039219437535,0.24671052631578946,0.0,0.0,0.0,304,20908
29,0.1,test_id,frame_constraint,0.8991447295345996,0.1896551724137931,0.10359617322683334,0.10359617471694946,0.10359617471694946,116,9003
29,0.1,test_batch6,frame_constraint,0.8851636747624076,0.1437908496732026,0.10359616577625275,0.10359617471694947,0.10359617471694946,153,11364
29,0.1,test_flat,frame_constraint,0.9113836719049444,0.738255033557047,0.10359615832567215,0.10359617471694946,0.10359617471694946,298,13045
29,0.1,test_sharp,frame_constraint,0.8350870480198966,0.39473684210526316,0.10359615832567215,0.10359617471694944,0.10359617471694946,304,20908
29,0.1,test_id,trajectory_coordinate_box,0.9977785182716872,0.9913793103448276,0.34095335006713867,0.6541152106728103,0.34095337986946106,116,9003
29,0.1,test_batch6,trajectory_coordinate_box,0.9992960225272791,0.9869281045751634,0.34095335006713867,0.6561732922224053,0.34095337986946106,153,11364
29,0.1,test_flat,trajectory_coordinate_box,0.9990034495975469,0.9932885906040269,0.34095337986946106,0.6554212970219878,0.34095337986946106,298,13045
29,0.1,test_sharp,trajectory_coordinate_box,0.9951214845991965,0.9473684210526315,0.34095335006713867,0.6535423358386147,0.34095337986946106,304,20908
29,0.1,test_id,trajectory_constraint,0.9934466289014773,0.8879310344827587,0.32672119140625,0.3267211705446242,0.3267211705446243,116,9003
29,0.1,test_batch6,trajectory_constraint,0.9957761351636748,0.9150326797385621,0.32672119140625,0.3267211705446243,0.3267211705446243,153,11364
29,0.1,test_flat,trajectory_constraint,0.9883480260636259,0.9395973154362416,0.32672119140625,0.32672117054462424,0.3267211705446243,298,13045
29,0.1,test_sharp,trajectory_constraint,0.9810120528027549,0.8256578947368421,0.32672119140625,0.3267211705446243,0.3267211705446243,304,20908
29,0.05,test_id,point,0.3185604798400533,0.0,0.0,0.0,0.0,116,9003
29,0.05,test_batch6,point,0.32770151355156635,0.0,0.0,0.0,0.0,153,11364
29,0.05,test_flat,point,0.7773093139133768,0.5369127516778524,0.0,0.0,0.0,298,13045
29,0.05,test_sharp,point,0.46585039219437535,0.24671052631578946,0.0,0.0,0.0,304,20908
29,0.05,test_id,frame_constraint,0.9459069199155837,0.43103448275862066,0.14728480577468872,0.14728482365608217,0.1472848236560822,116,9003
29,0.05,test_batch6,frame_constraint,0.9374340021119324,0.3464052287581699,0.14728482067584991,0.14728482365608223,0.1472848236560822,153,11364
29,0.05,test_flat,frame_constraint,0.9454197010348793,0.8221476510067114,0.14728479087352753,0.14728482365608223,0.1472848236560822,298,13045
29,0.05,test_sharp,frame_constraint,0.9103214080734647,0.5,0.14728480577468872,0.14728482365608223,0.1472848236560822,304,20908
29,0.05,test_id,trajectory_coordinate_box,0.9986671109630123,0.9913793103448276,0.39721858501434326,0.7631560697280935,0.39721858501434326,116,9003
29,0.05,test_batch6,trajectory_coordinate_box,0.9999120028159099,0.9934640522875817,0.39721861481666565,0.7653486460678552,0.39721858501434326,153,11364
29,0.05,test_flat,trajectory_coordinate_box,0.9995400536604063,0.9932885906040269,0.39721861481666565,0.7642473451128762,0.39721858501434326,298,13045
29,0.05,test_sharp,trajectory_coordinate_box,0.9971781136407117,0.9736842105263158,0.39721858501434326,0.7623748281035124,0.39721858501434326,304,20908
29,0.05,test_id,trajectory_constraint,0.996001332889037,0.9482758620689655,0.3570168614387512,0.35701688528060915,0.35701688528060915,116,9003
29,0.05,test_batch6,trajectory_constraint,0.9975360788454769,0.9281045751633987,0.3570168614387512,0.3570168852806091,0.35701688528060915,153,11364
29,0.05,test_flat,trajectory_constraint,0.9910310463779226,0.9496644295302014,0.357016921043396,0.3570168852806091,0.35701688528060915,298,13045
29,0.05,test_sharp,trajectory_constraint,0.9843600535680123,0.8486842105263158,0.3570168912410736,0.3570168852806092,0.35701688528060915,304,20908
43,0.2,test_id,point,0.3764300788626014,0.0,0.0,0.0,0.0,116,9003
43,0.2,test_batch6,point,0.4067229848644843,0.0,0.0,0.0,0.0,153,11364
43,0.2,test_flat,point,0.4818704484476811,0.04697986577181208,0.0,0.0,0.0,298,13045
43,0.2,test_sharp,point,0.5030132006887316,0.40789473684210525,0.0,0.0,0.0,304,20908
43,0.2,test_id,frame_constraint,0.8018438298344996,0.02586206896551724,0.05482965707778931,0.05482966341078282,0.054829663410782825,116,9003
43,0.2,test_batch6,frame_constraint,0.8005983808518128,0.0196078431372549,0.054829664528369904,0.05482966341078282,0.054829663410782825,153,11364
43,0.2,test_flat,frame_constraint,0.599386738213875,0.10067114093959731,0.05482965335249901,0.05482966341078281,0.054829663410782825,298,13045
43,0.2,test_sharp,frame_constraint,0.655490721255022,0.4440789473684211,0.05482965335249901,0.054829663410782804,0.054829663410782825,304,20908
43,0.2,test_id,trajectory_coordinate_box,0.997223147839609,0.9741379310344828,0.31196674704551697,0.5980110669669507,0.31196674704551697,116,9003
43,0.2,test_batch6,trajectory_coordinate_box,0.9987680394227385,0.9869281045751634,0.3119667172431946,0.5997163480240125,0.31196674704551697,153,11364
43,0.2,test_flat,trajectory_coordinate_box,0.9888846301264852,0.9194630872483222,0.31196677684783936,0.5851153361880923,0.31196674704551697,298,13045
43,0.2,test_sharp,trajectory_coordinate_box,0.9949301702697532,0.930921052631579,0.31196674704551697,0.5990400256358706,0.31196674704551697,304,20908
43,0.2,test_id,trajectory_constraint,0.9811174053093413,0.7672413793103449,0.26135164499282837,0.2613516494631768,0.26135164946317674,116,9003
43,0.2,test_batch6,trajectory_constraint,0.983016543470609,0.7581699346405228,0.26135164499282837,0.2613516494631768,0.26135164946317674,153,11364
43,0.2,test_flat,trajectory_constraint,0.8690686086623227,0.5067114093959731,0.261351615190506,0.26135164946317674,0.26135164946317674,298,13045
43,0.2,test_sharp,trajectory_constraint,0.9684331356418596,0.7532894736842105,0.261351615190506,0.26135164946317685,0.26135164946317674,304,20908
43,0.1,test_id,point,0.3764300788626014,0.0,0.0,0.0,0.0,116,9003
43,0.1,test_batch6,point,0.4067229848644843,0.0,0.0,0.0,0.0,153,11364
43,0.1,test_flat,point,0.4818704484476811,0.04697986577181208,0.0,0.0,0.0,298,13045
43,0.1,test_sharp,point,0.5030132006887316,0.40789473684210525,0.0,0.0,0.0,304,20908
43,0.1,test_id,frame_constraint,0.8914806175719204,0.10344827586206896,0.10950702428817749,0.10950703024864197,0.10950703024864197,116,9003
43,0.1,test_batch6,frame_constraint,0.8749560014079549,0.1503267973856209,0.10950703918933868,0.10950703024864196,0.10950703024864197,153,11364
43,0.1,test_flat,frame_constraint,0.7029513223457263,0.21140939597315436,0.10950703918933868,0.10950703024864197,0.10950703024864197,298,13045
43,0.1,test_sharp,frame_constraint,0.7920413238951598,0.5032894736842105,0.10950703173875809,0.10950703024864199,0.10950703024864197,304,20908
43,0.1,test_id,trajectory_coordinate_box,0.998778185049428,0.9913793103448276,0.37615182995796204,0.722363596463948,0.3761518597602844,116,9003
43,0.1,test_batch6,trajectory_coordinate_box,0.9997360084477297,0.9934640522875817,0.3761518597602844,0.724232268944129,0.3761518597602844,153,11364
43,0.1,test_flat,trajectory_coordinate_box,0.9976236105787658,0.9765100671140939,0.3761518895626068,0.7080176098291399,0.3761518597602844,298,13045
43,0.1,test_sharp,trajectory_coordinate_box,0.9989955997704228,0.9802631578947368,0.3761518597602844,0.7233518480796283,0.3761518597602844,304,20908
43,0.1,test_id,trajectory_constraint,0.9927801843829834,0.8706896551724138,0.3418135643005371,0.3418135225772858,0.3418135225772858,116,9003
43,0.1,test_batch6,trajectory_constraint,0.9934002111932418,0.8888888888888888,0.3418135344982147,0.34181352257728576,0.3418135225772858,153,11364
43,0.1,test_flat,trajectory_constraint,0.925565350709084,0.6510067114093959,0.3418135643005371,0.34181352257728576,0.3418135225772858,298,13045
43,0.1,test_sharp,trajectory_constraint,0.9844078821503731,0.8388157894736842,0.3418135643005371,0.3418135225772857,0.3418135225772858,304,20908
43,0.05,test_id,point,0.3764300788626014,0.0,0.0,0.0,0.0,116,9003
43,0.05,test_batch6,point,0.4067229848644843,0.0,0.0,0.0,0.0,153,11364
43,0.05,test_flat,point,0.4818704484476811,0.04697986577181208,0.0,0.0,0.0,298,13045
43,0.05,test_sharp,point,0.5030132006887316,0.40789473684210525,0.0,0.0,0.0,304,20908
43,0.05,test_id,frame_constraint,0.9437965122736865,0.4482758620689655,0.1621350198984146,0.16213500499725342,0.16213500499725342,116,9003
43,0.05,test_batch6,frame_constraint,0.9363780359028511,0.3790849673202614,0.16213500499725342,0.16213500499725342,0.16213500499725342,153,11364
43,0.05,test_flat,frame_constraint,0.775469528555002,0.3288590604026846,0.1621350198984146,0.16213500499725342,0.16213500499725342,298,13045
43,0.05,test_sharp,frame_constraint,0.8935335756648173,0.6019736842105263,0.1621350198984146,0.16213500499725342,0.16213500499725342,304,20908
43,0.05,test_id,trajectory_coordinate_box,0.9990003332222592,0.9913793103448276,0.47481340169906616,0.9137179374203426,0.4748133718967438,116,9003
43,0.05,test_batch6,trajectory_coordinate_box,1.0,1.0,0.4748133718967438,0.915793178024128,0.4748133718967438,153,11364
43,0.05,test_flat,trajectory_coordinate_box,0.9996933691069375,0.9932885906040269,0.47481340169906616,0.8975821684094157,0.4748133718967438,298,13045
43,0.05,test_sharp,trajectory_coordinate_box,1.0,1.0,0.47481340169906616,0.9146487159381624,0.4748133718967438,304,20908
43,0.05,test_id,trajectory_constraint,0.996334555148284,0.9224137931034483,0.3978504538536072,0.3978504657745362,0.3978504657745361,116,9003
43,0.05,test_batch6,trajectory_constraint,0.996832101372756,0.9411764705882353,0.39785048365592957,0.39785046577453614,0.3978504657745361,153,11364
43,0.05,test_flat,trajectory_constraint,0.9569950172479877,0.7416107382550335,0.39785048365592957,0.39785046577453614,0.3978504657745361,298,13045
43,0.05,test_sharp,trajectory_constraint,0.9921561124928258,0.8914473684210527,0.39785051345825195,0.3978504657745362,0.3978504657745361,304,20908
