metric,split,method,estimate,ci95_low,ci95_high,resamples,unit
mae_xyz_mean_N,test_id,cnn,0.042341521060905045,0.038229811519623694,0.0467453608574035,2000,trajectory cluster shared across model seeds
trajectory_joint_coverage_alpha10,test_id,point,0.0,0.0,0.0,2000,trajectory cluster shared across model seeds
certification_fraction_mu08_ceiling2,test_id,point,0.9020696804768782,0.8880653878506028,0.9161321522882904,2000,trajectory cluster shared across model seeds
proxy_violation_given_certificate_mu08_ceiling2,test_id,point,0.1173838812685215,0.09782260989699999,0.13990309940872,2000,trajectory cluster shared across model seeds
trajectory_joint_coverage_alpha10,test_id,frame_constraint,0.15804597701149428,0.10919540229885057,0.20689655172413793,2000,trajectory cluster shared across model seeds
certification_fraction_mu08_ceiling2,test_id,frame_constraint,0.6936946943611388,0.6642548711374939,0.7236590054284765,2000,trajectory cluster shared across model seeds
proxy_violation_given_certificate_mu08_ceiling2,test_id,frame_constraint,0.03703178409655574,0.027539112401142964,0.04764345793836094,2000,trajectory cluster shared across model seeds
trajectory_joint_coverage_alpha10,test_id,trajectory_coordinate_box,0.9913793103448276,0.9741379310344828,1.0,2000,trajectory cluster shared across model seeds
certification_fraction_mu08_ceiling2,test_id,trajectory_coordinate_box,0.0,0.0,0.0,2000,trajectory cluster shared across model seeds
trajectory_joint_coverage_alpha10,test_id,trajectory_constraint,0.8735632183908046,0.8189655172413793,0.9224137931034483,2000,trajectory cluster shared across model seeds
certification_fraction_mu08_ceiling2,test_id,trajectory_constraint,0.188418675256396,0.15775692709200811,0.22154455793870312,2000,trajectory cluster shared across model seeds
proxy_violation_given_certificate_mu08_ceiling2,test_id,trajectory_constraint,0.0019206316052239904,0.00024801970919737,0.004270062231250757,2000,trajectory cluster shared across model seeds
mae_xyz_mean_N,test_batch6,cnn,0.0391506099734496,0.03709063758297767,0.04151671748880383,2000,trajectory cluster shared across model seeds
trajectory_joint_coverage_alpha10,test_batch6,point,0.0,0.0,0.0,2000,trajectory cluster shared across model seeds
certification_fraction_mu08_ceiling2,test_batch6,point,0.9002405256365131,0.888958598510871,0.9120116679577775,2000,trajectory cluster shared across model seeds
proxy_violation_given_certificate_mu08_ceiling2,test_batch6,point,0.1327949015267975,0.11361908644200094,0.15423661864308258,2000,trajectory cluster shared across model seeds
trajectory_joint_coverage_alpha10,test_batch6,frame_constraint,0.16122004357298475,0.11328976034858387,0.2113289760348584,2000,trajectory cluster shared across model seeds
certification_fraction_mu08_ceiling2,test_batch6,frame_constraint,0.7121905432359499,0.689464670881814,0.7336459147094669,2000,trajectory cluster shared across model seeds
proxy_violation_given_certificate_mu08_ceiling2,test_batch6,frame_constraint,0.043034231140086,0.03357664668298893,0.054030807844065894,2000,trajectory cluster shared across model seeds
trajectory_joint_coverage_alpha10,test_batch6,trajectory_coordinate_box,0.9912854030501088,0.9782135076252723,1.0,2000,trajectory cluster shared across model seeds
certification_fraction_mu08_ceiling2,test_batch6,trajectory_coordinate_box,0.0,0.0,0.0,2000,trajectory cluster shared across model seeds
trajectory_joint_coverage_alpha10,test_batch6,trajectory_constraint,0.8823529411764706,0.8366013071895425,0.9259259259259258,2000,trajectory cluster shared across model seeds
certification_fraction_mu08_ceiling2,test_batch6,trajectory_constraint,0.194092455708084,0.1671372112766495,0.21911908614426856,2000,trajectory cluster shared across model seeds
proxy_violation_given_certificate_mu08_ceiling2,test_batch6,trajectory_constraint,0.003242964121843141,0.000825712896662098,0.0068299466768367,2000,trajectory cluster shared across model seeds
mae_xyz_mean_N,test_flat,cnn,0.32684996646224607,0.32020138682265425,0.3341812864775168,2000,trajectory cluster shared across model seeds
trajectory_joint_coverage_alpha10,test_flat,point,0.38814317673378074,0.35234899328859065,0.4250559284116331,2000,trajectory cluster shared across model seeds
certification_fraction_mu08_ceiling2,test_flat,point,0.3198671266130062,0.2994728136896987,0.3403442275111396,2000,trajectory cluster shared across model seeds
proxy_violation_given_certificate_mu08_ceiling2,test_flat,point,0.19959966253245773,0.1609661577062113,0.2466385180844067,2000,trajectory cluster shared across model seeds
trajectory_joint_coverage_alpha10,test_flat,frame_constraint,0.5704697986577181,0.5346756152125279,0.605145413870246,2000,trajectory cluster shared across model seeds
certification_fraction_mu08_ceiling2,test_flat,frame_constraint,0.2075891146032963,0.18793356988394383,0.2268894924490087,2000,trajectory cluster shared across model seeds
proxy_violation_given_certificate_mu08_ceiling2,test_flat,frame_constraint,0.19686142059047385,0.15074922024124482,0.25717358109814187,2000,trajectory cluster shared across model seeds
trajectory_joint_coverage_alpha10,test_flat,trajectory_coordinate_box,0.987695749440716,0.977628635346756,0.9966442953020134,2000,trajectory cluster shared across model seeds
certification_fraction_mu08_ceiling2,test_flat,trajectory_coordinate_box,0.0,0.0,0.0,2000,trajectory cluster shared across model seeds
trajectory_joint_coverage_alpha10,test_flat,trajectory_constraint,0.8467561521252797,0.8221476510067113,0.8702460850111856,2000,trajectory cluster shared across model seeds
certification_fraction_mu08_ceiling2,test_flat,trajectory_constraint,0.05496358758144882,0.04411880679967215,0.06626763244357657,2000,trajectory cluster shared across model seeds
proxy_violation_given_certificate_mu08_ceiling2,test_flat,trajectory_constraint,0.14943748577394692,0.09138777041765947,0.23929137415800533,2000,trajectory cluster shared across model seeds
mae_xyz_mean_N,test_sharp,cnn,0.4130405844204372,0.3732233412018053,0.45371562469966975,2000,trajectory cluster shared across model seeds
trajectory_joint_coverage_alpha10,test_sharp,point,0.2839912280701754,0.2445175438596491,0.3234649122807018,2000,trajectory cluster shared across model seeds
certification_fraction_mu08_ceiling2,test_sharp,point,0.48754862572540014,0.44086058261831484,0.5322600767796029,2000,trajectory cluster shared across model seeds
proxy_violation_given_certificate_mu08_ceiling2,test_sharp,point,0.13688816403784151,0.12000898897255648,0.15461664323114732,2000,trajectory cluster shared across model seeds
trajectory_joint_coverage_alpha10,test_sharp,frame_constraint,0.4287280701754386,0.3815789473684211,0.47480811403508766,2000,trajectory cluster shared across model seeds
certification_fraction_mu08_ceiling2,test_sharp,frame_constraint,0.29540526752120405,0.25872450346042203,0.3335727786765448,2000,trajectory cluster shared across model seeds
proxy_violation_given_certificate_mu08_ceiling2,test_sharp,frame_constraint,0.09133561909893549,0.07540039752836096,0.1082885452421615,2000,trajectory cluster shared across model seeds
trajectory_joint_coverage_alpha10,test_sharp,trajectory_coordinate_box,0.9594298245614034,0.9418859649122808,0.9747807017543861,2000,trajectory cluster shared across model seeds
certification_fraction_mu08_ceiling2,test_sharp,trajectory_coordinate_box,0.0,0.0,0.0,2000,trajectory cluster shared across model seeds
trajectory_joint_coverage_alpha10,test_sharp,trajectory_constraint,0.8201754385964912,0.7828947368421053,0.8530701754385964,2000,trajectory cluster shared across model seeds
certification_fraction_mu08_ceiling2,test_sharp,trajectory_constraint,0.03143932147184491,0.02134023897302241,0.04257526239950805,2000,trajectory cluster shared across model seeds
proxy_violation_given_certificate_mu08_ceiling2,test_sharp,trajectory_constraint,0.048007801540530366,0.02740062754436892,0.07571471299380789,2000,trajectory cluster shared across model seeds
