method,domain,metric,estimate,ci_low,ci_high,policy_runs,environment_episodes,training_seed_sd,per_policy_counts,per_policy_estimates,run_names,ci_method
force_feedback,all,sustained_10cm_lift_within_force_budget,0.25,0.1,0.4,1,20,,[5.0],[0.25],"[""force_feedback""]",stratified whole-environment bootstrap; shared draws across fixed trained policies; ID/OOD counts fixed
force_feedback,all,sustained_10cm_lift_success,0.4,0.25,0.5,1,20,,[8.0],[0.4],"[""force_feedback""]",stratified whole-environment bootstrap; shared draws across fixed trained policies; ID/OOD counts fixed
force_feedback,all,force_budget_exceeded,0.3,0.1,0.5,1,20,,[6.0],[0.3],"[""force_feedback""]",stratified whole-environment bootstrap; shared draws across fixed trained policies; ID/OOD counts fixed
force_feedback,all,intervention_force_budget_exceeded,0.15,0.0,0.3,1,20,,[3.0],[0.15],"[""force_feedback""]",stratified whole-environment bootstrap; shared draws across fixed trained policies; ID/OOD counts fixed
force_feedback,all,full_episode_peak_normal_N,7.174700844287872,6.289999467134476,8.093284014463425,1,20,,,[7.174700844287872],"[""force_feedback""]",stratified whole-environment bootstrap; shared draws across fixed trained policies; ID/OOD counts fixed
force_feedback,all,native_shaped_return,59.81531889698401,51.13830030660664,65.80608322755214,1,20,,,[59.81531889698401],"[""force_feedback""]",stratified whole-environment bootstrap; shared draws across fixed trained policies; ID/OOD counts fixed
force_feedback,id,sustained_10cm_lift_within_force_budget,0.5,0.2,0.8,1,10,,[5.0],[0.5],"[""force_feedback""]",stratified whole-environment bootstrap; shared draws across fixed trained policies; ID/OOD counts fixed
force_feedback,id,sustained_10cm_lift_success,0.8,0.5,1.0,1,10,,[8.0],[0.8],"[""force_feedback""]",stratified whole-environment bootstrap; shared draws across fixed trained policies; ID/OOD counts fixed
force_feedback,id,force_budget_exceeded,0.4,0.1,0.7,1,10,,[4.0],[0.4],"[""force_feedback""]",stratified whole-environment bootstrap; shared draws across fixed trained policies; ID/OOD counts fixed
force_feedback,id,intervention_force_budget_exceeded,0.1,0.0,0.3,1,10,,[1.0],[0.1],"[""force_feedback""]",stratified whole-environment bootstrap; shared draws across fixed trained policies; ID/OOD counts fixed
force_feedback,id,full_episode_peak_normal_N,7.479395174980164,5.960421923995018,9.157995563745498,1,10,,,[7.479395174980164],"[""force_feedback""]",stratified whole-environment bootstrap; shared draws across fixed trained policies; ID/OOD counts fixed
force_feedback,id,native_shaped_return,83.13714903228608,65.57763718787216,94.97290834611564,1,10,,,[83.13714903228608],"[""force_feedback""]",stratified whole-environment bootstrap; shared draws across fixed trained policies; ID/OOD counts fixed
force_feedback,ood,sustained_10cm_lift_within_force_budget,0.0,0.0,0.0,1,10,,[0.0],[0.0],"[""force_feedback""]",stratified whole-environment bootstrap; shared draws across fixed trained policies; ID/OOD counts fixed
force_feedback,ood,sustained_10cm_lift_success,0.0,0.0,0.0,1,10,,[0.0],[0.0],"[""force_feedback""]",stratified whole-environment bootstrap; shared draws across fixed trained policies; ID/OOD counts fixed
force_feedback,ood,force_budget_exceeded,0.2,0.0,0.5,1,10,,[2.0],[0.2],"[""force_feedback""]",stratified whole-environment bootstrap; shared draws across fixed trained policies; ID/OOD counts fixed
force_feedback,ood,intervention_force_budget_exceeded,0.2,0.0,0.5,1,10,,[2.0],[0.2],"[""force_feedback""]",stratified whole-environment bootstrap; shared draws across fixed trained policies; ID/OOD counts fixed
force_feedback,ood,full_episode_peak_normal_N,6.870006513595581,6.1946866261959075,7.559853259325028,1,10,,,[6.870006513595581],"[""force_feedback""]",stratified whole-environment bootstrap; shared draws across fixed trained policies; ID/OOD counts fixed
force_feedback,ood,native_shaped_return,36.49348876168195,35.74919532002466,37.37833032032826,1,10,,,[36.49348876168195],"[""force_feedback""]",stratified whole-environment bootstrap; shared draws across fixed trained policies; ID/OOD counts fixed
script,all,sustained_10cm_lift_within_force_budget,0.1,0.0,0.25,1,20,,[2.0],[0.1],"[""script""]",stratified whole-environment bootstrap; shared draws across fixed trained policies; ID/OOD counts fixed
script,all,sustained_10cm_lift_success,0.35,0.2,0.5,1,20,,[7.0],[0.35],"[""script""]",stratified whole-environment bootstrap; shared draws across fixed trained policies; ID/OOD counts fixed
script,all,force_budget_exceeded,0.55,0.3,0.75,1,20,,[11.0],[0.55],"[""script""]",stratified whole-environment bootstrap; shared draws across fixed trained policies; ID/OOD counts fixed
script,all,intervention_force_budget_exceeded,0.55,0.3,0.75,1,20,,[11.0],[0.55],"[""script""]",stratified whole-environment bootstrap; shared draws across fixed trained policies; ID/OOD counts fixed
script,all,full_episode_peak_normal_N,10.268634855747223,6.736714280843734,13.73858707219362,1,20,,,[10.268634855747223],"[""script""]",stratified whole-environment bootstrap; shared draws across fixed trained policies; ID/OOD counts fixed
script,all,native_shaped_return,56.6463091002776,47.23427790139587,65.37146075415515,1,20,,,[56.6463091002776],"[""script""]",stratified whole-environment bootstrap; shared draws across fixed trained policies; ID/OOD counts fixed
script,id,sustained_10cm_lift_within_force_budget,0.2,0.0,0.4,1,10,,[2.0],[0.2],"[""script""]",stratified whole-environment bootstrap; shared draws across fixed trained policies; ID/OOD counts fixed
script,id,sustained_10cm_lift_success,0.7,0.4,0.9,1,10,,[7.0],[0.7],"[""script""]",stratified whole-environment bootstrap; shared draws across fixed trained policies; ID/OOD counts fixed
script,id,force_budget_exceeded,0.5,0.2,0.8,1,10,,[5.0],[0.5],"[""script""]",stratified whole-environment bootstrap; shared draws across fixed trained policies; ID/OOD counts fixed
script,id,intervention_force_budget_exceeded,0.5,0.2,0.8,1,10,,[5.0],[0.5],"[""script""]",stratified whole-environment bootstrap; shared draws across fixed trained policies; ID/OOD counts fixed
script,id,full_episode_peak_normal_N,10.151392483711243,4.400938122272492,15.298720278739928,1,10,,,[10.151392483711243],"[""script""]",stratified whole-environment bootstrap; shared draws across fixed trained policies; ID/OOD counts fixed
script,id,native_shaped_return,76.66140998153682,57.969656790690216,89.58515008561557,1,10,,,[76.66140998153682],"[""script""]",stratified whole-environment bootstrap; shared draws across fixed trained policies; ID/OOD counts fixed
script,ood,sustained_10cm_lift_within_force_budget,0.0,0.0,0.0,1,10,,[0.0],[0.0],"[""script""]",stratified whole-environment bootstrap; shared draws across fixed trained policies; ID/OOD counts fixed
script,ood,sustained_10cm_lift_success,0.0,0.0,0.0,1,10,,[0.0],[0.0],"[""script""]",stratified whole-environment bootstrap; shared draws across fixed trained policies; ID/OOD counts fixed
script,ood,force_budget_exceeded,0.6,0.3,0.9,1,10,,[6.0],[0.6],"[""script""]",stratified whole-environment bootstrap; shared draws across fixed trained policies; ID/OOD counts fixed
script,ood,intervention_force_budget_exceeded,0.6,0.3,0.9,1,10,,[6.0],[0.6],"[""script""]",stratified whole-environment bootstrap; shared draws across fixed trained policies; ID/OOD counts fixed
script,ood,full_episode_peak_normal_N,10.385877227783203,6.240882742404938,14.668498901128768,1,10,,,[10.385877227783203],"[""script""]",stratified whole-environment bootstrap; shared draws across fixed trained policies; ID/OOD counts fixed
script,ood,native_shaped_return,36.631208219018404,35.62619529660337,37.73233362688726,1,10,,,[36.631208219018404],"[""script""]",stratified whole-environment bootstrap; shared draws across fixed trained policies; ID/OOD counts fixed
vision_bc,all,sustained_10cm_lift_within_force_budget,0.05,0.0,0.15,3,20,8.498374721940739e-18,"[1.0, 1.0, 1.0]","[0.05, 0.05, 0.05]","[""vision_seed0_bc"", ""vision_seed1_bc"", ""vision_seed2_bc""]",stratified whole-environment bootstrap; shared draws across fixed trained policies; ID/OOD counts fixed
vision_bc,all,sustained_10cm_lift_success,0.15,0.03333333333333333,0.2833333333333333,3,20,0.05,"[3.0, 2.0, 4.0]","[0.15, 0.1, 0.2]","[""vision_seed0_bc"", ""vision_seed1_bc"", ""vision_seed2_bc""]",stratified whole-environment bootstrap; shared draws across fixed trained policies; ID/OOD counts fixed
vision_bc,all,force_budget_exceeded,0.4833333333333333,0.26666666666666666,0.6833333333333333,3,20,0.02886751345948128,"[10.0, 9.0, 10.0]","[0.5, 0.45, 0.5]","[""vision_seed0_bc"", ""vision_seed1_bc"", ""vision_seed2_bc""]",stratified whole-environment bootstrap; shared draws across fixed trained policies; ID/OOD counts fixed
vision_bc,all,intervention_force_budget_exceeded,0.4666666666666666,0.25,0.6666666666666667,3,20,0.028867513459481284,"[9.0, 9.0, 10.0]","[0.45, 0.45, 0.5]","[""vision_seed0_bc"", ""vision_seed1_bc"", ""vision_seed2_bc""]",stratified whole-environment bootstrap; shared draws across fixed trained policies; ID/OOD counts fixed
vision_bc,all,full_episode_peak_normal_N,8.563936997453373,5.3922903668135405,11.927619179611401,3,20,0.3800598185307001,,"[8.622698298096656, 8.157918858528138, 8.911193835735322]","[""vision_seed0_bc"", ""vision_seed1_bc"", ""vision_seed2_bc""]",stratified whole-environment bootstrap; shared draws across fixed trained policies; ID/OOD counts fixed
vision_bc,all,native_shaped_return,48.516546978820294,38.974311687802725,57.946258286870915,3,20,1.174401506426913,,"[49.75040579444662, 47.41236690079343, 48.38686824122083]","[""vision_seed0_bc"", ""vision_seed1_bc"", ""vision_seed2_bc""]",stratified whole-environment bootstrap; shared draws across fixed trained policies; ID/OOD counts fixed
vision_bc,id,sustained_10cm_lift_within_force_budget,0.1,0.0,0.3,3,10,1.6996749443881478e-17,"[1.0, 1.0, 1.0]","[0.1, 0.1, 0.1]","[""vision_seed0_bc"", ""vision_seed1_bc"", ""vision_seed2_bc""]",stratified whole-environment bootstrap; shared draws across fixed trained policies; ID/OOD counts fixed
vision_bc,id,sustained_10cm_lift_success,0.3,0.06666666666666667,0.5666666666666667,3,10,0.1,"[3.0, 2.0, 4.0]","[0.3, 0.2, 0.4]","[""vision_seed0_bc"", ""vision_seed1_bc"", ""vision_seed2_bc""]",stratified whole-environment bootstrap; shared draws across fixed trained policies; ID/OOD counts fixed
vision_bc,id,force_budget_exceeded,0.4,0.1,0.7,3,10,6.798699777552591e-17,"[4.0, 4.0, 4.0]","[0.4, 0.4, 0.4]","[""vision_seed0_bc"", ""vision_seed1_bc"", ""vision_seed2_bc""]",stratified whole-environment bootstrap; shared draws across fixed trained policies; ID/OOD counts fixed
vision_bc,id,intervention_force_budget_exceeded,0.4,0.1,0.7,3,10,6.798699777552591e-17,"[4.0, 4.0, 4.0]","[0.4, 0.4, 0.4]","[""vision_seed0_bc"", ""vision_seed1_bc"", ""vision_seed2_bc""]",stratified whole-environment bootstrap; shared draws across fixed trained policies; ID/OOD counts fixed
vision_bc,id,full_episode_peak_normal_N,7.265649257103601,2.8797817098100977,12.568447969208162,3,10,0.7962197385143572,,"[7.077852946519852, 6.58011474609375, 8.138980078697205]","[""vision_seed0_bc"", ""vision_seed1_bc"", ""vision_seed2_bc""]",stratified whole-environment bootstrap; shared draws across fixed trained policies; ID/OOD counts fixed
vision_bc,id,native_shaped_return,56.19606626937697,38.508944068152324,74.85182722057296,3,10,4.38226302366433,,"[56.13785860566336, 51.84319701716656, 60.607143185300956]","[""vision_seed0_bc"", ""vision_seed1_bc"", ""vision_seed2_bc""]",stratified whole-environment bootstrap; shared draws across fixed trained policies; ID/OOD counts fixed
vision_bc,ood,sustained_10cm_lift_within_force_budget,0.0,0.0,0.0,3,10,0.0,"[0.0, 0.0, 0.0]","[0.0, 0.0, 0.0]","[""vision_seed0_bc"", ""vision_seed1_bc"", ""vision_seed2_bc""]",stratified whole-environment bootstrap; shared draws across fixed trained policies; ID/OOD counts fixed
vision_bc,ood,sustained_10cm_lift_success,0.0,0.0,0.0,3,10,0.0,"[0.0, 0.0, 0.0]","[0.0, 0.0, 0.0]","[""vision_seed0_bc"", ""vision_seed1_bc"", ""vision_seed2_bc""]",stratified whole-environment bootstrap; shared draws across fixed trained policies; ID/OOD counts fixed
vision_bc,ood,force_budget_exceeded,0.5666666666666667,0.3,0.8333333333333333,3,10,0.05773502691896257,"[6.0, 5.0, 6.0]","[0.6, 0.5, 0.6]","[""vision_seed0_bc"", ""vision_seed1_bc"", ""vision_seed2_bc""]",stratified whole-environment bootstrap; shared draws across fixed trained policies; ID/OOD counts fixed
vision_bc,ood,intervention_force_budget_exceeded,0.5333333333333333,0.2333333333333333,0.8333333333333333,3,10,0.05773502691896257,"[5.0, 5.0, 6.0]","[0.5, 0.5, 0.6]","[""vision_seed0_bc"", ""vision_seed1_bc"", ""vision_seed2_bc""]",stratified whole-environment bootstrap; shared draws across fixed trained policies; ID/OOD counts fixed
vision_bc,ood,full_episode_peak_normal_N,9.862224737803142,6.09790821313858,14.059647342761357,3,10,0.2657046351835516,,"[10.167543649673462, 9.735722970962524, 9.683407592773438]","[""vision_seed0_bc"", ""vision_seed1_bc"", ""vision_seed2_bc""]",stratified whole-environment bootstrap; shared draws across fixed trained policies; ID/OOD counts fixed
vision_bc,ood,native_shaped_return,40.837027688263625,35.51592946774032,45.88488983761266,3,10,4.049208272059666,,"[43.36295298322987, 42.9815367844203, 36.16659329714069]","[""vision_seed0_bc"", ""vision_seed1_bc"", ""vision_seed2_bc""]",stratified whole-environment bootstrap; shared draws across fixed trained policies; ID/OOD counts fixed
vision_rl,all,sustained_10cm_lift_within_force_budget,0.05,0.0,0.15,3,20,8.498374721940739e-18,"[1.0, 1.0, 1.0]","[0.05, 0.05, 0.05]","[""vision_seed0_rl"", ""vision_seed1_rl"", ""vision_seed2_rl""]",stratified whole-environment bootstrap; shared draws across fixed trained policies; ID/OOD counts fixed
vision_rl,all,sustained_10cm_lift_success,0.06666666666666667,0.0,0.16708333333333109,3,20,0.02886751345948129,"[1.0, 1.0, 2.0]","[0.05, 0.05, 0.1]","[""vision_seed0_rl"", ""vision_seed1_rl"", ""vision_seed2_rl""]",stratified whole-environment bootstrap; shared draws across fixed trained policies; ID/OOD counts fixed
vision_rl,all,force_budget_exceeded,0.8333333333333333,0.6666666666666666,0.9666666666666666,3,20,0.028867513459481253,"[16.0, 17.0, 17.0]","[0.8, 0.85, 0.85]","[""vision_seed0_rl"", ""vision_seed1_rl"", ""vision_seed2_rl""]",stratified whole-environment bootstrap; shared draws across fixed trained policies; ID/OOD counts fixed
vision_rl,all,intervention_force_budget_exceeded,0.8166666666666667,0.6333333333333334,0.9666666666666666,3,20,0.02886751345948125,"[16.0, 16.0, 17.0]","[0.8, 0.8, 0.85]","[""vision_seed0_rl"", ""vision_seed1_rl"", ""vision_seed2_rl""]",stratified whole-environment bootstrap; shared draws across fixed trained policies; ID/OOD counts fixed
vision_rl,all,full_episode_peak_normal_N,12.45153081814448,10.35985798527797,14.55310531238715,3,20,0.8046286324449405,,"[11.856781244277954, 13.367073822021485, 12.130737388134003]","[""vision_seed0_rl"", ""vision_seed1_rl"", ""vision_seed2_rl""]",stratified whole-environment bootstrap; shared draws across fixed trained policies; ID/OOD counts fixed
vision_rl,all,native_shaped_return,41.08852259651992,35.21237560155671,47.366770230873264,3,20,9.766339960677561,,"[35.5119694898916, 52.365493855985484, 35.38810444368267]","[""vision_seed0_rl"", ""vision_seed1_rl"", ""vision_seed2_rl""]",stratified whole-environment bootstrap; shared draws across fixed trained policies; ID/OOD counts fixed
vision_rl,id,sustained_10cm_lift_within_force_budget,0.1,0.0,0.3,3,10,1.6996749443881478e-17,"[1.0, 1.0, 1.0]","[0.1, 0.1, 0.1]","[""vision_seed0_rl"", ""vision_seed1_rl"", ""vision_seed2_rl""]",stratified whole-environment bootstrap; shared draws across fixed trained policies; ID/OOD counts fixed
vision_rl,id,sustained_10cm_lift_success,0.13333333333333333,0.0,0.36666666666666664,3,10,0.05773502691896258,"[1.0, 1.0, 2.0]","[0.1, 0.1, 0.2]","[""vision_seed0_rl"", ""vision_seed1_rl"", ""vision_seed2_rl""]",stratified whole-environment bootstrap; shared draws across fixed trained policies; ID/OOD counts fixed
vision_rl,id,force_budget_exceeded,0.8333333333333333,0.5666666666666667,1.0,3,10,0.05773502691896256,"[8.0, 9.0, 8.0]","[0.8, 0.9, 0.8]","[""vision_seed0_rl"", ""vision_seed1_rl"", ""vision_seed2_rl""]",stratified whole-environment bootstrap; shared draws across fixed trained policies; ID/OOD counts fixed
vision_rl,id,intervention_force_budget_exceeded,0.8,0.5,1.0,3,10,1.3597399555105182e-16,"[8.0, 8.0, 8.0]","[0.8, 0.8, 0.8]","[""vision_seed0_rl"", ""vision_seed1_rl"", ""vision_seed2_rl""]",stratified whole-environment bootstrap; shared draws across fixed trained policies; ID/OOD counts fixed
vision_rl,id,full_episode_peak_normal_N,12.275641226768494,9.270384743611018,14.796127067009605,3,10,1.2737533010502398,,"[11.780311727523804, 13.72265329360962, 11.323958659172058]","[""vision_seed0_rl"", ""vision_seed1_rl"", ""vision_seed2_rl""]",stratified whole-environment bootstrap; shared draws across fixed trained policies; ID/OOD counts fixed
vision_rl,id,native_shaped_return,48.000840264659516,38.328581342577486,58.748637704032234,3,10,8.456046635014891,,"[39.97854144590304, 56.832442551152155, 47.19153679692336]","[""vision_seed0_rl"", ""vision_seed1_rl"", ""vision_seed2_rl""]",stratified whole-environment bootstrap; shared draws across fixed trained policies; ID/OOD counts fixed
vision_rl,ood,sustained_10cm_lift_within_force_budget,0.0,0.0,0.0,3,10,0.0,"[0.0, 0.0, 0.0]","[0.0, 0.0, 0.0]","[""vision_seed0_rl"", ""vision_seed1_rl"", ""vision_seed2_rl""]",stratified whole-environment bootstrap; shared draws across fixed trained policies; ID/OOD counts fixed
vision_rl,ood,sustained_10cm_lift_success,0.0,0.0,0.0,3,10,0.0,"[0.0, 0.0, 0.0]","[0.0, 0.0, 0.0]","[""vision_seed0_rl"", ""vision_seed1_rl"", ""vision_seed2_rl""]",stratified whole-environment bootstrap; shared draws across fixed trained policies; ID/OOD counts fixed
vision_rl,ood,force_budget_exceeded,0.8333333333333334,0.5999999999999999,1.0,3,10,0.05773502691896257,"[8.0, 8.0, 9.0]","[0.8, 0.8, 0.9]","[""vision_seed0_rl"", ""vision_seed1_rl"", ""vision_seed2_rl""]",stratified whole-environment bootstrap; shared draws across fixed trained policies; ID/OOD counts fixed
vision_rl,ood,intervention_force_budget_exceeded,0.8333333333333334,0.5999999999999999,1.0,3,10,0.05773502691896257,"[8.0, 8.0, 9.0]","[0.8, 0.8, 0.9]","[""vision_seed0_rl"", ""vision_seed1_rl"", ""vision_seed2_rl""]",stratified whole-environment bootstrap; shared draws across fixed trained policies; ID/OOD counts fixed
vision_rl,ood,full_episode_peak_normal_N,12.627420409520468,9.648223517735797,15.731636740366618,3,10,0.6023054212056982,,"[11.933250761032104, 13.011494350433349, 12.937516117095948]","[""vision_seed0_rl"", ""vision_seed1_rl"", ""vision_seed2_rl""]",stratified whole-environment bootstrap; shared draws across fixed trained policies; ID/OOD counts fixed
vision_rl,ood,native_shaped_return,34.17620492838032,29.27578795119929,39.88932089534182,3,10,12.455624116305513,,"[31.045397533880156, 47.89854516081881, 23.584672090441988]","[""vision_seed0_rl"", ""vision_seed1_rl"", ""vision_seed2_rl""]",stratified whole-environment bootstrap; shared draws across fixed trained policies; ID/OOD counts fixed
visuotactile_margin_rl,all,sustained_10cm_lift_within_force_budget,0.05,0.0,0.1,3,20,0.08660254037844387,"[0.0, 3.0, 0.0]","[0.0, 0.15, 0.0]","[""visuotactile_margin_seed0_rl"", ""visuotactile_margin_seed1_rl"", ""visuotactile_margin_seed2_rl""]",stratified whole-environment bootstrap; shared draws across fixed trained policies; ID/OOD counts fixed
visuotactile_margin_rl,all,sustained_10cm_lift_success,0.05,0.0,0.1,3,20,0.08660254037844387,"[0.0, 3.0, 0.0]","[0.0, 0.15, 0.0]","[""visuotactile_margin_seed0_rl"", ""visuotactile_margin_seed1_rl"", ""visuotactile_margin_seed2_rl""]",stratified whole-environment bootstrap; shared draws across fixed trained policies; ID/OOD counts fixed
visuotactile_margin_rl,all,force_budget_exceeded,0.08333333333333333,0.03333333333333333,0.15,3,20,0.14433756729740646,"[0.0, 5.0, 0.0]","[0.0, 0.25, 0.0]","[""visuotactile_margin_seed0_rl"", ""visuotactile_margin_seed1_rl"", ""visuotactile_margin_seed2_rl""]",stratified whole-environment bootstrap; shared draws across fixed trained policies; ID/OOD counts fixed
visuotactile_margin_rl,all,intervention_force_budget_exceeded,0.08333333333333333,0.03333333333333333,0.15,3,20,0.14433756729740646,"[0.0, 5.0, 0.0]","[0.0, 0.25, 0.0]","[""visuotactile_margin_seed0_rl"", ""visuotactile_margin_seed1_rl"", ""visuotactile_margin_seed2_rl""]",stratified whole-environment bootstrap; shared draws across fixed trained policies; ID/OOD counts fixed
visuotactile_margin_rl,all,full_episode_peak_normal_N,3.2097057600816092,2.4101423542698224,3.9480747329692036,3,20,3.124988461657558,,"[1.4678390502929688, 6.817421561479568, 1.3438566684722901]","[""visuotactile_margin_seed0_rl"", ""visuotactile_margin_seed1_rl"", ""visuotactile_margin_seed2_rl""]",stratified whole-environment bootstrap; shared draws across fixed trained policies; ID/OOD counts fixed
visuotactile_margin_rl,all,native_shaped_return,51.16373131695322,48.46272063428329,54.40661788185815,3,20,2.0687887815829615,,"[51.20437625488896, 53.211898155322615, 49.074919540648054]","[""visuotactile_margin_seed0_rl"", ""visuotactile_margin_seed1_rl"", ""visuotactile_margin_seed2_rl""]",stratified whole-environment bootstrap; shared draws across fixed trained policies; ID/OOD counts fixed
visuotactile_margin_rl,id,sustained_10cm_lift_within_force_budget,0.1,0.0,0.19999999999999998,3,10,0.17320508075688773,"[0.0, 3.0, 0.0]","[0.0, 0.3, 0.0]","[""visuotactile_margin_seed0_rl"", ""visuotactile_margin_seed1_rl"", ""visuotactile_margin_seed2_rl""]",stratified whole-environment bootstrap; shared draws across fixed trained policies; ID/OOD counts fixed
visuotactile_margin_rl,id,sustained_10cm_lift_success,0.1,0.0,0.19999999999999998,3,10,0.17320508075688773,"[0.0, 3.0, 0.0]","[0.0, 0.3, 0.0]","[""visuotactile_margin_seed0_rl"", ""visuotactile_margin_seed1_rl"", ""visuotactile_margin_seed2_rl""]",stratified whole-environment bootstrap; shared draws across fixed trained policies; ID/OOD counts fixed
visuotactile_margin_rl,id,force_budget_exceeded,0.06666666666666667,0.0,0.16666666666666666,3,10,0.11547005383792518,"[0.0, 2.0, 0.0]","[0.0, 0.2, 0.0]","[""visuotactile_margin_seed0_rl"", ""visuotactile_margin_seed1_rl"", ""visuotactile_margin_seed2_rl""]",stratified whole-environment bootstrap; shared draws across fixed trained policies; ID/OOD counts fixed
visuotactile_margin_rl,id,intervention_force_budget_exceeded,0.06666666666666667,0.0,0.16666666666666666,3,10,0.11547005383792518,"[0.0, 2.0, 0.0]","[0.0, 0.2, 0.0]","[""visuotactile_margin_seed0_rl"", ""visuotactile_margin_seed1_rl"", ""visuotactile_margin_seed2_rl""]",stratified whole-environment bootstrap; shared draws across fixed trained policies; ID/OOD counts fixed
visuotactile_margin_rl,id,full_episode_peak_normal_N,2.092030433813731,1.4168657861153284,2.7153596750895175,3,10,3.3905588879197928,,"[0.2721346139907837, 6.003956687450409, 0.0]","[""visuotactile_margin_seed0_rl"", ""visuotactile_margin_seed1_rl"", ""visuotactile_margin_seed2_rl""]",stratified whole-environment bootstrap; shared draws across fixed trained policies; ID/OOD counts fixed
visuotactile_margin_rl,id,native_shaped_return,55.06184999146875,49.570098286933465,61.23091596332026,3,10,6.995405774430599,,"[51.32033557049825, 63.132325286446985, 50.73288911746103]","[""visuotactile_margin_seed0_rl"", ""visuotactile_margin_seed1_rl"", ""visuotactile_margin_seed2_rl""]",stratified whole-environment bootstrap; shared draws across fixed trained policies; ID/OOD counts fixed
visuotactile_margin_rl,ood,sustained_10cm_lift_within_force_budget,0.0,0.0,0.0,3,10,0.0,"[0.0, 0.0, 0.0]","[0.0, 0.0, 0.0]","[""visuotactile_margin_seed0_rl"", ""visuotactile_margin_seed1_rl"", ""visuotactile_margin_seed2_rl""]",stratified whole-environment bootstrap; shared draws across fixed trained policies; ID/OOD counts fixed
visuotactile_margin_rl,ood,sustained_10cm_lift_success,0.0,0.0,0.0,3,10,0.0,"[0.0, 0.0, 0.0]","[0.0, 0.0, 0.0]","[""visuotactile_margin_seed0_rl"", ""visuotactile_margin_seed1_rl"", ""visuotactile_margin_seed2_rl""]",stratified whole-environment bootstrap; shared draws across fixed trained policies; ID/OOD counts fixed
visuotactile_margin_rl,ood,force_budget_exceeded,0.1,0.0,0.19999999999999998,3,10,0.17320508075688773,"[0.0, 3.0, 0.0]","[0.0, 0.3, 0.0]","[""visuotactile_margin_seed0_rl"", ""visuotactile_margin_seed1_rl"", ""visuotactile_margin_seed2_rl""]",stratified whole-environment bootstrap; shared draws across fixed trained policies; ID/OOD counts fixed
visuotactile_margin_rl,ood,intervention_force_budget_exceeded,0.1,0.0,0.19999999999999998,3,10,0.17320508075688773,"[0.0, 3.0, 0.0]","[0.0, 0.3, 0.0]","[""visuotactile_margin_seed0_rl"", ""visuotactile_margin_seed1_rl"", ""visuotactile_margin_seed2_rl""]",stratified whole-environment bootstrap; shared draws across fixed trained policies; ID/OOD counts fixed
visuotactile_margin_rl,ood,full_episode_peak_normal_N,4.327381086349487,2.9301321903864546,5.790600274205207,3,10,2.860945078004691,,"[2.6635434865951537, 7.630886435508728, 2.6877133369445803]","[""visuotactile_margin_seed0_rl"", ""visuotactile_margin_seed1_rl"", ""visuotactile_margin_seed2_rl""]",stratified whole-environment bootstrap; shared draws across fixed trained policies; ID/OOD counts fixed
visuotactile_margin_rl,ood,native_shaped_return,47.26561264243767,45.8185816713313,48.45593154085883,3,10,3.900675408094351,,"[51.08841693927967, 43.291471024198245, 47.41694996383507]","[""visuotactile_margin_seed0_rl"", ""visuotactile_margin_seed1_rl"", ""visuotactile_margin_seed2_rl""]",stratified whole-environment bootstrap; shared draws across fixed trained policies; ID/OOD counts fixed
visuotactile_bc,all,sustained_10cm_lift_within_force_budget,0.05,0.0,0.15,3,20,8.498374721940739e-18,"[1.0, 1.0, 1.0]","[0.05, 0.05, 0.05]","[""visuotactile_seed0_bc"", ""visuotactile_seed1_bc"", ""visuotactile_seed2_bc""]",stratified whole-environment bootstrap; shared draws across fixed trained policies; ID/OOD counts fixed
visuotactile_bc,all,sustained_10cm_lift_success,0.15,0.05,0.2504166666666644,3,20,0.08660254037844387,"[2.0, 5.0, 2.0]","[0.1, 0.25, 0.1]","[""visuotactile_seed0_bc"", ""visuotactile_seed1_bc"", ""visuotactile_seed2_bc""]",stratified whole-environment bootstrap; shared draws across fixed trained policies; ID/OOD counts fixed
visuotactile_bc,all,force_budget_exceeded,0.5666666666666667,0.36666666666666664,0.7666666666666666,3,20,0.10408329997330663,"[9.0, 12.0, 13.0]","[0.45, 0.6, 0.65]","[""visuotactile_seed0_bc"", ""visuotactile_seed1_bc"", ""visuotactile_seed2_bc""]",stratified whole-environment bootstrap; shared draws across fixed trained policies; ID/OOD counts fixed
visuotactile_bc,all,intervention_force_budget_exceeded,0.4666666666666666,0.25,0.6833333333333333,3,20,0.028867513459481284,"[9.0, 10.0, 9.0]","[0.45, 0.5, 0.45]","[""visuotactile_seed0_bc"", ""visuotactile_seed1_bc"", ""visuotactile_seed2_bc""]",stratified whole-environment bootstrap; shared draws across fixed trained policies; ID/OOD counts fixed
visuotactile_bc,all,full_episode_peak_normal_N,9.95528234442075,6.784365591655175,13.150945005069174,3,20,0.4814332642488832,,"[9.473047995567322, 10.43591050505638, 9.95688853263855]","[""visuotactile_seed0_bc"", ""visuotactile_seed1_bc"", ""visuotactile_seed2_bc""]",stratified whole-environment bootstrap; shared draws across fixed trained policies; ID/OOD counts fixed
visuotactile_bc,all,native_shaped_return,55.94259108743614,47.04420396995671,64.29075696370316,3,20,6.478926461505321,,"[49.07355034166919, 61.943957290972264, 56.81026562966699]","[""visuotactile_seed0_bc"", ""visuotactile_seed1_bc"", ""visuotactile_seed2_bc""]",stratified whole-environment bootstrap; shared draws across fixed trained policies; ID/OOD counts fixed
visuotactile_bc,id,sustained_10cm_lift_within_force_budget,0.1,0.0,0.3,3,10,1.6996749443881478e-17,"[1.0, 1.0, 1.0]","[0.1, 0.1, 0.1]","[""visuotactile_seed0_bc"", ""visuotactile_seed1_bc"", ""visuotactile_seed2_bc""]",stratified whole-environment bootstrap; shared draws across fixed trained policies; ID/OOD counts fixed
visuotactile_bc,id,sustained_10cm_lift_success,0.3,0.1,0.5333333333333333,3,10,0.17320508075688773,"[2.0, 5.0, 2.0]","[0.2, 0.5, 0.2]","[""visuotactile_seed0_bc"", ""visuotactile_seed1_bc"", ""visuotactile_seed2_bc""]",stratified whole-environment bootstrap; shared draws across fixed trained policies; ID/OOD counts fixed
visuotactile_bc,id,force_budget_exceeded,0.4666666666666666,0.2,0.7666666666666666,3,10,0.05773502691896257,"[4.0, 5.0, 5.0]","[0.4, 0.5, 0.5]","[""visuotactile_seed0_bc"", ""visuotactile_seed1_bc"", ""visuotactile_seed2_bc""]",stratified whole-environment bootstrap; shared draws across fixed trained policies; ID/OOD counts fixed
visuotactile_bc,id,intervention_force_budget_exceeded,0.4333333333333333,0.13333333333333333,0.7333333333333333,3,10,0.05773502691896256,"[4.0, 5.0, 4.0]","[0.4, 0.5, 0.4]","[""visuotactile_seed0_bc"", ""visuotactile_seed1_bc"", ""visuotactile_seed2_bc""]",stratified whole-environment bootstrap; shared draws across fixed trained policies; ID/OOD counts fixed
visuotactile_bc,id,full_episode_peak_normal_N,8.295185967286429,3.7704268296559653,13.084329527219136,3,10,0.3804308829472755,,"[8.339008998870849, 8.651807558536529, 7.894741344451904]","[""visuotactile_seed0_bc"", ""visuotactile_seed1_bc"", ""visuotactile_seed2_bc""]",stratified whole-environment bootstrap; shared draws across fixed trained policies; ID/OOD counts fixed
visuotactile_bc,id,native_shaped_return,60.37884565997572,43.847735302035105,76.12316314893687,3,10,6.860183843100754,,"[56.85017891168777, 68.28512543536627, 56.0012326328731]","[""visuotactile_seed0_bc"", ""visuotactile_seed1_bc"", ""visuotactile_seed2_bc""]",stratified whole-environment bootstrap; shared draws across fixed trained policies; ID/OOD counts fixed
visuotactile_bc,ood,sustained_10cm_lift_within_force_budget,0.0,0.0,0.0,3,10,0.0,"[0.0, 0.0, 0.0]","[0.0, 0.0, 0.0]","[""visuotactile_seed0_bc"", ""visuotactile_seed1_bc"", ""visuotactile_seed2_bc""]",stratified whole-environment bootstrap; shared draws across fixed trained policies; ID/OOD counts fixed
visuotactile_bc,ood,sustained_10cm_lift_success,0.0,0.0,0.0,3,10,0.0,"[0.0, 0.0, 0.0]","[0.0, 0.0, 0.0]","[""visuotactile_seed0_bc"", ""visuotactile_seed1_bc"", ""visuotactile_seed2_bc""]",stratified whole-environment bootstrap; shared draws across fixed trained policies; ID/OOD counts fixed
visuotactile_bc,ood,force_budget_exceeded,0.6666666666666666,0.4,0.9,3,10,0.1527525231651947,"[5.0, 7.0, 8.0]","[0.5, 0.7, 0.8]","[""visuotactile_seed0_bc"", ""visuotactile_seed1_bc"", ""visuotactile_seed2_bc""]",stratified whole-environment bootstrap; shared draws across fixed trained policies; ID/OOD counts fixed
visuotactile_bc,ood,intervention_force_budget_exceeded,0.5,0.2,0.8,3,10,0.0,"[5.0, 5.0, 5.0]","[0.5, 0.5, 0.5]","[""visuotactile_seed0_bc"", ""visuotactile_seed1_bc"", ""visuotactile_seed2_bc""]",stratified whole-environment bootstrap; shared draws across fixed trained policies; ID/OOD counts fixed
visuotactile_bc,ood,full_episode_peak_normal_N,11.615378721555073,7.8953979031244925,15.839431587855021,3,10,0.878969379775177,,"[10.607086992263794, 12.220013451576232, 12.019035720825196]","[""visuotactile_seed0_bc"", ""visuotactile_seed1_bc"", ""visuotactile_seed2_bc""]",stratified whole-environment bootstrap; shared draws across fixed trained policies; ID/OOD counts fixed
visuotactile_bc,ood,native_shaped_return,51.506336514896574,45.84084504438547,56.789024750747416,3,10,8.89891508389198,,"[41.29692177165061, 55.602789146578246, 57.619298626460875]","[""visuotactile_seed0_bc"", ""visuotactile_seed1_bc"", ""visuotactile_seed2_bc""]",stratified whole-environment bootstrap; shared draws across fixed trained policies; ID/OOD counts fixed
visuotactile_rl,all,sustained_10cm_lift_within_force_budget,0.03333333333333333,0.0,0.1,3,20,0.02886751345948129,"[1.0, 1.0, 0.0]","[0.05, 0.05, 0.0]","[""visuotactile_seed0_rl"", ""visuotactile_seed1_rl"", ""visuotactile_seed2_rl""]",stratified whole-environment bootstrap; shared draws across fixed trained policies; ID/OOD counts fixed
visuotactile_rl,all,sustained_10cm_lift_success,0.06666666666666667,0.0,0.15,3,20,0.07637626158259733,"[3.0, 1.0, 0.0]","[0.15, 0.05, 0.0]","[""visuotactile_seed0_rl"", ""visuotactile_seed1_rl"", ""visuotactile_seed2_rl""]",stratified whole-environment bootstrap; shared draws across fixed trained policies; ID/OOD counts fixed
visuotactile_rl,all,force_budget_exceeded,0.6166666666666666,0.45,0.7666666666666666,3,20,0.20816659994661324,"[9.0, 11.0, 17.0]","[0.45, 0.55, 0.85]","[""visuotactile_seed0_rl"", ""visuotactile_seed1_rl"", ""visuotactile_seed2_rl""]",stratified whole-environment bootstrap; shared draws across fixed trained policies; ID/OOD counts fixed
visuotactile_rl,all,intervention_force_budget_exceeded,0.5666666666666667,0.3833333333333333,0.7333333333333333,3,20,0.12583057392117913,"[9.0, 11.0, 14.0]","[0.45, 0.55, 0.7]","[""visuotactile_seed0_rl"", ""visuotactile_seed1_rl"", ""visuotactile_seed2_rl""]",stratified whole-environment bootstrap; shared draws across fixed trained policies; ID/OOD counts fixed
visuotactile_rl,all,full_episode_peak_normal_N,9.477619131406147,8.300459565718969,10.576882724563282,3,20,1.314521921964315,,"[8.235865986347198, 9.342516386508942, 10.854475021362305]","[""visuotactile_seed0_rl"", ""visuotactile_seed1_rl"", ""visuotactile_seed2_rl""]",stratified whole-environment bootstrap; shared draws across fixed trained policies; ID/OOD counts fixed
visuotactile_rl,all,native_shaped_return,61.365098634037494,54.96862520117609,67.62147026323271,3,20,7.9428236009852,,"[69.733811782549, 60.43065389471135, 53.93083022485214]","[""visuotactile_seed0_rl"", ""visuotactile_seed1_rl"", ""visuotactile_seed2_rl""]",stratified whole-environment bootstrap; shared draws across fixed trained policies; ID/OOD counts fixed
visuotactile_rl,id,sustained_10cm_lift_within_force_budget,0.06666666666666667,0.0,0.2,3,10,0.05773502691896258,"[1.0, 1.0, 0.0]","[0.1, 0.1, 0.0]","[""visuotactile_seed0_rl"", ""visuotactile_seed1_rl"", ""visuotactile_seed2_rl""]",stratified whole-environment bootstrap; shared draws across fixed trained policies; ID/OOD counts fixed
visuotactile_rl,id,sustained_10cm_lift_success,0.13333333333333333,0.0,0.2666666666666667,3,10,0.15275252316519466,"[3.0, 1.0, 0.0]","[0.3, 0.1, 0.0]","[""visuotactile_seed0_rl"", ""visuotactile_seed1_rl"", ""visuotactile_seed2_rl""]",stratified whole-environment bootstrap; shared draws across fixed trained policies; ID/OOD counts fixed
visuotactile_rl,id,force_budget_exceeded,0.5333333333333333,0.3,0.7666666666666666,3,10,0.23094010767585033,"[4.0, 4.0, 8.0]","[0.4, 0.4, 0.8]","[""visuotactile_seed0_rl"", ""visuotactile_seed1_rl"", ""visuotactile_seed2_rl""]",stratified whole-environment bootstrap; shared draws across fixed trained policies; ID/OOD counts fixed
visuotactile_rl,id,intervention_force_budget_exceeded,0.5,0.2333333333333333,0.7666666666666666,3,10,0.17320508075688767,"[4.0, 4.0, 7.0]","[0.4, 0.4, 0.7]","[""visuotactile_seed0_rl"", ""visuotactile_seed1_rl"", ""visuotactile_seed2_rl""]",stratified whole-environment bootstrap; shared draws across fixed trained policies; ID/OOD counts fixed
visuotactile_rl,id,full_episode_peak_normal_N,8.77164166768392,7.036033115386964,10.420101546049116,3,10,1.343462953998554,,"[7.56633198261261, 8.528534054756165, 10.220058965682984]","[""visuotactile_seed0_rl"", ""visuotactile_seed1_rl"", ""visuotactile_seed2_rl""]",stratified whole-environment bootstrap; shared draws across fixed trained policies; ID/OOD counts fixed
visuotactile_rl,id,native_shaped_return,77.6714150380178,65.48185054030415,89.78779425489824,3,10,16.05310784110128,,"[94.4007462919726, 76.22045884987395, 62.39303997220687]","[""visuotactile_seed0_rl"", ""visuotactile_seed1_rl"", ""visuotactile_seed2_rl""]",stratified whole-environment bootstrap; shared draws across fixed trained policies; ID/OOD counts fixed
visuotactile_rl,ood,sustained_10cm_lift_within_force_budget,0.0,0.0,0.0,3,10,0.0,"[0.0, 0.0, 0.0]","[0.0, 0.0, 0.0]","[""visuotactile_seed0_rl"", ""visuotactile_seed1_rl"", ""visuotactile_seed2_rl""]",stratified whole-environment bootstrap; shared draws across fixed trained policies; ID/OOD counts fixed
visuotactile_rl,ood,sustained_10cm_lift_success,0.0,0.0,0.0,3,10,0.0,"[0.0, 0.0, 0.0]","[0.0, 0.0, 0.0]","[""visuotactile_seed0_rl"", ""visuotactile_seed1_rl"", ""visuotactile_seed2_rl""]",stratified whole-environment bootstrap; shared draws across fixed trained policies; ID/OOD counts fixed
visuotactile_rl,ood,force_budget_exceeded,0.7000000000000001,0.4666666666666666,0.9,3,10,0.2,"[5.0, 7.0, 9.0]","[0.5, 0.7, 0.9]","[""visuotactile_seed0_rl"", ""visuotactile_seed1_rl"", ""visuotactile_seed2_rl""]",stratified whole-environment bootstrap; shared draws across fixed trained policies; ID/OOD counts fixed
visuotactile_rl,ood,intervention_force_budget_exceeded,0.6333333333333333,0.3333333333333333,0.9,3,10,0.11547005383792512,"[5.0, 7.0, 7.0]","[0.5, 0.7, 0.7]","[""visuotactile_seed0_rl"", ""visuotactile_seed1_rl"", ""visuotactile_seed2_rl""]",stratified whole-environment bootstrap; shared draws across fixed trained policies; ID/OOD counts fixed
visuotactile_rl,ood,full_episode_peak_normal_N,10.183596595128378,8.621303788820903,11.794451596339544,3,10,1.2919586952756048,,"[8.905399990081786, 10.15649871826172, 11.488891077041625]","[""visuotactile_seed0_rl"", ""visuotactile_seed1_rl"", ""visuotactile_seed2_rl""]",stratified whole-environment bootstrap; shared draws across fixed trained policies; ID/OOD counts fixed
visuotactile_rl,ood,native_shaped_return,45.05878223005719,41.83320976903205,48.586073133365396,3,10,0.41394513773103236,,"[45.066877273125385, 44.640848939548775, 45.468620477497396]","[""visuotactile_seed0_rl"", ""visuotactile_seed1_rl"", ""visuotactile_seed2_rl""]",stratified whole-environment bootstrap; shared draws across fixed trained policies; ID/OOD counts fixed
