method,baseline,domain,metric,run_minus_baseline,ci_low,ci_high,paired_environments,fixed_policies,baseline_fixed_policies,ci_method
force_feedback,script,all,sustained_10cm_lift_within_force_budget,0.25,0.1,0.4,20,1,1,stratified paired environment bootstrap of fixed-policy averages
force_feedback,script,all,sustained_10cm_lift_success,0.0,0.0,0.0,20,1,1,stratified paired environment bootstrap of fixed-policy averages
force_feedback,script,all,force_budget_exceeded,-0.45,-0.65,-0.25,20,1,1,stratified paired environment bootstrap of fixed-policy averages
force_feedback,script,all,intervention_force_budget_exceeded,-0.6,-0.8,-0.4,20,1,1,stratified paired environment bootstrap of fixed-policy averages
force_feedback,script,all,full_episode_peak_normal_N,-4.167556548118592,-6.584099451899529,-1.8552999806404142,20,1,1,stratified paired environment bootstrap of fixed-policy averages
force_feedback,script,all,native_shaped_return,-0.47542908037808723,-0.8530882361998249,-0.03302002162175731,20,1,1,stratified paired environment bootstrap of fixed-policy averages
force_feedback,script,id,sustained_10cm_lift_within_force_budget,0.5,0.2,0.8,10,1,1,stratified paired environment bootstrap of fixed-policy averages
force_feedback,script,id,sustained_10cm_lift_success,0.0,0.0,0.0,10,1,1,stratified paired environment bootstrap of fixed-policy averages
force_feedback,script,id,force_budget_exceeded,-0.5,-0.8,-0.2,10,1,1,stratified paired environment bootstrap of fixed-policy averages
force_feedback,script,id,intervention_force_budget_exceeded,-0.8,-1.0,-0.5,10,1,1,stratified paired environment bootstrap of fixed-policy averages
force_feedback,script,id,full_episode_peak_normal_N,-4.09946084022522,-6.093981409072876,-2.402349283695221,10,1,1,stratified paired environment bootstrap of fixed-policy averages
force_feedback,script,id,native_shaped_return,-0.6039663679292062,-0.8337124394742905,-0.349522199844531,10,1,1,stratified paired environment bootstrap of fixed-policy averages
force_feedback,script,ood,sustained_10cm_lift_within_force_budget,0.0,0.0,0.0,10,1,1,stratified paired environment bootstrap of fixed-policy averages
force_feedback,script,ood,sustained_10cm_lift_success,0.0,0.0,0.0,10,1,1,stratified paired environment bootstrap of fixed-policy averages
force_feedback,script,ood,force_budget_exceeded,-0.4,-0.7,-0.1,10,1,1,stratified paired environment bootstrap of fixed-policy averages
force_feedback,script,ood,intervention_force_budget_exceeded,-0.4,-0.7,-0.1,10,1,1,stratified paired environment bootstrap of fixed-policy averages
force_feedback,script,ood,full_episode_peak_normal_N,-4.235652256011963,-9.011472657918931,0.5342000329494475,10,1,1,stratified paired environment bootstrap of fixed-policy averages
force_feedback,script,ood,native_shaped_return,-0.34689179282696825,-1.012663995413765,0.5235598023318887,10,1,1,stratified paired environment bootstrap of fixed-policy averages
script,force_feedback,all,sustained_10cm_lift_within_force_budget,-0.25,-0.4,-0.1,20,1,1,stratified paired environment bootstrap of fixed-policy averages
script,force_feedback,all,sustained_10cm_lift_success,0.0,0.0,0.0,20,1,1,stratified paired environment bootstrap of fixed-policy averages
script,force_feedback,all,force_budget_exceeded,0.45,0.25,0.65,20,1,1,stratified paired environment bootstrap of fixed-policy averages
script,force_feedback,all,intervention_force_budget_exceeded,0.6,0.4,0.8,20,1,1,stratified paired environment bootstrap of fixed-policy averages
script,force_feedback,all,full_episode_peak_normal_N,4.167556548118592,1.5753511971235274,6.847384809851645,20,1,1,stratified paired environment bootstrap of fixed-policy averages
script,force_feedback,all,native_shaped_return,0.47542908037808723,0.020963336111916,0.8494812241988626,20,1,1,stratified paired environment bootstrap of fixed-policy averages
script,force_feedback,id,sustained_10cm_lift_within_force_budget,-0.5,-0.8,-0.2,10,1,1,stratified paired environment bootstrap of fixed-policy averages
script,force_feedback,id,sustained_10cm_lift_success,0.0,0.0,0.0,10,1,1,stratified paired environment bootstrap of fixed-policy averages
script,force_feedback,id,force_budget_exceeded,0.5,0.2,0.8,10,1,1,stratified paired environment bootstrap of fixed-policy averages
script,force_feedback,id,intervention_force_budget_exceeded,0.8,0.5,1.0,10,1,1,stratified paired environment bootstrap of fixed-policy averages
script,force_feedback,id,full_episode_peak_normal_N,4.09946084022522,2.2545602321624756,6.086183695793151,10,1,1,stratified paired environment bootstrap of fixed-policy averages
script,force_feedback,id,native_shaped_return,0.6039663679292062,0.3557901113317774,0.838383127215998,10,1,1,stratified paired environment bootstrap of fixed-policy averages
script,force_feedback,ood,sustained_10cm_lift_within_force_budget,0.0,0.0,0.0,10,1,1,stratified paired environment bootstrap of fixed-policy averages
script,force_feedback,ood,sustained_10cm_lift_success,0.0,0.0,0.0,10,1,1,stratified paired environment bootstrap of fixed-policy averages
script,force_feedback,ood,force_budget_exceeded,0.4,0.1,0.7,10,1,1,stratified paired environment bootstrap of fixed-policy averages
script,force_feedback,ood,intervention_force_budget_exceeded,0.4,0.1,0.7,10,1,1,stratified paired environment bootstrap of fixed-policy averages
script,force_feedback,ood,full_episode_peak_normal_N,4.235652256011963,-0.5006566917896271,9.095370099544525,10,1,1,stratified paired environment bootstrap of fixed-policy averages
script,force_feedback,ood,native_shaped_return,0.34689179282696825,-0.4925325293654985,1.0252950972966457,10,1,1,stratified paired environment bootstrap of fixed-policy averages
visuotactile_height_rl,script,all,sustained_10cm_lift_within_force_budget,0.06666666666666667,-0.03333333333333334,0.19999999999999998,20,3,1,stratified paired environment bootstrap of fixed-policy averages
visuotactile_height_rl,force_feedback,all,sustained_10cm_lift_within_force_budget,-0.18333333333333335,-0.3166666666666667,-0.06666666666666668,20,3,1,stratified paired environment bootstrap of fixed-policy averages
visuotactile_height_rl,visuotactile_bc,all,sustained_10cm_lift_within_force_budget,0.06666666666666667,-0.1,0.21666666666666665,20,3,3,stratified paired environment bootstrap of fixed-policy averages
visuotactile_height_rl,visuotactile_native_rl,all,sustained_10cm_lift_within_force_budget,0.11666666666666667,0.0,0.25,20,3,3,stratified paired environment bootstrap of fixed-policy averages
visuotactile_height_rl,script,all,sustained_10cm_lift_success,-0.03333333333333334,-0.08333333333333334,0.0,20,3,1,stratified paired environment bootstrap of fixed-policy averages
visuotactile_height_rl,force_feedback,all,sustained_10cm_lift_success,-0.03333333333333334,-0.08333333333333334,0.0,20,3,1,stratified paired environment bootstrap of fixed-policy averages
visuotactile_height_rl,visuotactile_bc,all,sustained_10cm_lift_success,0.33333333333333337,0.23333333333333334,0.4166666666666667,20,3,3,stratified paired environment bootstrap of fixed-policy averages
visuotactile_height_rl,visuotactile_native_rl,all,sustained_10cm_lift_success,0.3666666666666667,0.33333333333333337,0.4166666666666667,20,3,3,stratified paired environment bootstrap of fixed-policy averages
visuotactile_height_rl,script,all,force_budget_exceeded,-1.6653345369377347e-17,-0.15,0.14999999999999997,20,3,1,stratified paired environment bootstrap of fixed-policy averages
visuotactile_height_rl,force_feedback,all,force_budget_exceeded,0.45,0.26666666666666666,0.6333333333333333,20,3,1,stratified paired environment bootstrap of fixed-policy averages
visuotactile_height_rl,visuotactile_bc,all,force_budget_exceeded,0.16666666666666666,0.01666666666666667,0.3333333333333333,20,3,3,stratified paired environment bootstrap of fixed-policy averages
visuotactile_height_rl,visuotactile_native_rl,all,force_budget_exceeded,0.06666666666666668,0.0,0.15,20,3,3,stratified paired environment bootstrap of fixed-policy averages
visuotactile_height_rl,script,all,intervention_force_budget_exceeded,-0.05000000000000001,-0.2,0.1,20,3,1,stratified paired environment bootstrap of fixed-policy averages
visuotactile_height_rl,force_feedback,all,intervention_force_budget_exceeded,0.55,0.35,0.7666666666666666,20,3,1,stratified paired environment bootstrap of fixed-policy averages
visuotactile_height_rl,visuotactile_bc,all,intervention_force_budget_exceeded,0.2166666666666667,0.06666666666666667,0.3833333333333334,20,3,3,stratified paired environment bootstrap of fixed-policy averages
visuotactile_height_rl,visuotactile_native_rl,all,intervention_force_budget_exceeded,0.03333333333333334,0.0,0.08333333333333334,20,3,3,stratified paired environment bootstrap of fixed-policy averages
visuotactile_height_rl,script,all,full_episode_peak_normal_N,-1.3816021561622622,-3.227331280012925,0.46476020524899087,20,3,1,stratified paired environment bootstrap of fixed-policy averages
visuotactile_height_rl,force_feedback,all,full_episode_peak_normal_N,2.785954391956329,1.9216414709885916,3.69008770386378,20,3,1,stratified paired environment bootstrap of fixed-policy averages
visuotactile_height_rl,visuotactile_bc,all,full_episode_peak_normal_N,-1.1279071509838106,-3.028445456922054,0.7672909739116792,20,3,3,stratified paired environment bootstrap of fixed-policy averages
visuotactile_height_rl,visuotactile_native_rl,all,full_episode_peak_normal_N,0.6164791146914164,0.2538721281290051,1.01366592635711,20,3,3,stratified paired environment bootstrap of fixed-policy averages
visuotactile_height_rl,script,all,native_shaped_return,10.690914908960904,8.14551804953995,13.10814906994295,20,3,1,stratified paired environment bootstrap of fixed-policy averages
visuotactile_height_rl,force_feedback,all,native_shaped_return,11.166343989338987,8.717342679094537,13.599934287504333,20,3,1,stratified paired environment bootstrap of fixed-policy averages
visuotactile_height_rl,visuotactile_bc,all,native_shaped_return,13.92522391707386,6.881722250224821,22.321317619674268,20,3,3,stratified paired environment bootstrap of fixed-policy averages
visuotactile_height_rl,visuotactile_native_rl,all,native_shaped_return,4.451000610210459,0.21232084215231176,9.3576150410446,20,3,3,stratified paired environment bootstrap of fixed-policy averages
visuotactile_height_rl,script,id,sustained_10cm_lift_within_force_budget,0.13333333333333333,-0.06666666666666668,0.36666666666666664,10,3,1,stratified paired environment bootstrap of fixed-policy averages
visuotactile_height_rl,force_feedback,id,sustained_10cm_lift_within_force_budget,-0.3666666666666667,-0.6333333333333334,-0.1,10,3,1,stratified paired environment bootstrap of fixed-policy averages
visuotactile_height_rl,visuotactile_bc,id,sustained_10cm_lift_within_force_budget,0.13333333333333333,-0.19999999999999998,0.4333333333333333,10,3,3,stratified paired environment bootstrap of fixed-policy averages
visuotactile_height_rl,visuotactile_native_rl,id,sustained_10cm_lift_within_force_budget,0.2333333333333333,0.0,0.5,10,3,3,stratified paired environment bootstrap of fixed-policy averages
visuotactile_height_rl,script,id,sustained_10cm_lift_success,-0.06666666666666668,-0.16666666666666669,0.0,10,3,1,stratified paired environment bootstrap of fixed-policy averages
visuotactile_height_rl,force_feedback,id,sustained_10cm_lift_success,-0.06666666666666668,-0.16666666666666669,0.0,10,3,1,stratified paired environment bootstrap of fixed-policy averages
visuotactile_height_rl,visuotactile_bc,id,sustained_10cm_lift_success,0.6666666666666667,0.4666666666666667,0.8333333333333334,10,3,3,stratified paired environment bootstrap of fixed-policy averages
visuotactile_height_rl,visuotactile_native_rl,id,sustained_10cm_lift_success,0.7333333333333334,0.6666666666666667,0.8333333333333334,10,3,3,stratified paired environment bootstrap of fixed-policy averages
visuotactile_height_rl,script,id,force_budget_exceeded,-0.2,-0.4333333333333334,0.0,10,3,1,stratified paired environment bootstrap of fixed-policy averages
visuotactile_height_rl,force_feedback,id,force_budget_exceeded,0.3,0.06666666666666667,0.5666666666666667,10,3,1,stratified paired environment bootstrap of fixed-policy averages
visuotactile_height_rl,visuotactile_bc,id,force_budget_exceeded,0.26666666666666666,0.0,0.5333333333333333,10,3,3,stratified paired environment bootstrap of fixed-policy averages
visuotactile_height_rl,visuotactile_native_rl,id,force_budget_exceeded,0.03333333333333334,0.0,0.1,10,3,3,stratified paired environment bootstrap of fixed-policy averages
visuotactile_height_rl,script,id,intervention_force_budget_exceeded,-0.2,-0.4333333333333334,0.0,10,3,1,stratified paired environment bootstrap of fixed-policy averages
visuotactile_height_rl,force_feedback,id,intervention_force_budget_exceeded,0.6,0.3333333333333333,0.8666666666666666,10,3,1,stratified paired environment bootstrap of fixed-policy averages
visuotactile_height_rl,visuotactile_bc,id,intervention_force_budget_exceeded,0.26666666666666666,0.0,0.5666666666666667,10,3,3,stratified paired environment bootstrap of fixed-policy averages
visuotactile_height_rl,visuotactile_native_rl,id,intervention_force_budget_exceeded,0.03333333333333334,0.0,0.1,10,3,3,stratified paired environment bootstrap of fixed-policy averages
visuotactile_height_rl,script,id,full_episode_peak_normal_N,-2.3699072122573854,-4.213787543972333,-0.6686676710844046,10,3,1,stratified paired environment bootstrap of fixed-policy averages
visuotactile_height_rl,force_feedback,id,full_episode_peak_normal_N,1.7295536279678345,1.1087705280383429,2.3712871098518353,10,3,1,stratified paired environment bootstrap of fixed-policy averages
visuotactile_height_rl,visuotactile_bc,id,full_episode_peak_normal_N,0.13271618286768588,-3.0660833715399103,3.490758946438631,10,3,3,stratified paired environment bootstrap of fixed-policy averages
visuotactile_height_rl,visuotactile_native_rl,id,full_episode_peak_normal_N,0.4324445168177286,0.17510952393213977,0.71058622320493,10,3,3,stratified paired environment bootstrap of fixed-policy averages
visuotactile_height_rl,script,id,native_shaped_return,10.535719942550214,6.457877579046239,13.667038043785464,10,3,1,stratified paired environment bootstrap of fixed-policy averages
visuotactile_height_rl,force_feedback,id,native_shaped_return,11.139686310479421,7.261993028555488,14.315968019617362,10,3,1,stratified paired environment bootstrap of fixed-policy averages
visuotactile_height_rl,visuotactile_bc,id,native_shaped_return,34.68003451272406,22.01014191741554,50.18832761834062,10,3,3,stratified paired environment bootstrap of fixed-policy averages
visuotactile_height_rl,visuotactile_native_rl,id,native_shaped_return,8.23188219553996,-0.26339175891032823,17.332762550250497,10,3,3,stratified paired environment bootstrap of fixed-policy averages
visuotactile_height_rl,script,ood,sustained_10cm_lift_within_force_budget,0.0,0.0,0.0,10,3,1,stratified paired environment bootstrap of fixed-policy averages
visuotactile_height_rl,force_feedback,ood,sustained_10cm_lift_within_force_budget,0.0,0.0,0.0,10,3,1,stratified paired environment bootstrap of fixed-policy averages
visuotactile_height_rl,visuotactile_bc,ood,sustained_10cm_lift_within_force_budget,0.0,0.0,0.0,10,3,3,stratified paired environment bootstrap of fixed-policy averages
visuotactile_height_rl,visuotactile_native_rl,ood,sustained_10cm_lift_within_force_budget,0.0,0.0,0.0,10,3,3,stratified paired environment bootstrap of fixed-policy averages
visuotactile_height_rl,script,ood,sustained_10cm_lift_success,0.0,0.0,0.0,10,3,1,stratified paired environment bootstrap of fixed-policy averages
visuotactile_height_rl,force_feedback,ood,sustained_10cm_lift_success,0.0,0.0,0.0,10,3,1,stratified paired environment bootstrap of fixed-policy averages
visuotactile_height_rl,visuotactile_bc,ood,sustained_10cm_lift_success,0.0,0.0,0.0,10,3,3,stratified paired environment bootstrap of fixed-policy averages
visuotactile_height_rl,visuotactile_native_rl,ood,sustained_10cm_lift_success,0.0,0.0,0.0,10,3,3,stratified paired environment bootstrap of fixed-policy averages
visuotactile_height_rl,script,ood,force_budget_exceeded,0.19999999999999998,0.0,0.4333333333333333,10,3,1,stratified paired environment bootstrap of fixed-policy averages
visuotactile_height_rl,force_feedback,ood,force_budget_exceeded,0.6,0.3,0.8666666666666666,10,3,1,stratified paired environment bootstrap of fixed-policy averages
visuotactile_height_rl,visuotactile_bc,ood,force_budget_exceeded,0.06666666666666668,-0.06666666666666667,0.23333333333333334,10,3,3,stratified paired environment bootstrap of fixed-policy averages
visuotactile_height_rl,visuotactile_native_rl,ood,force_budget_exceeded,0.1,0.0,0.23333333333333334,10,3,3,stratified paired environment bootstrap of fixed-policy averages
visuotactile_height_rl,script,ood,intervention_force_budget_exceeded,0.1,0.0,0.3,10,3,1,stratified paired environment bootstrap of fixed-policy averages
visuotactile_height_rl,force_feedback,ood,intervention_force_budget_exceeded,0.5,0.2,0.8,10,3,1,stratified paired environment bootstrap of fixed-policy averages
visuotactile_height_rl,visuotactile_bc,ood,intervention_force_budget_exceeded,0.16666666666666669,0.0,0.4,10,3,3,stratified paired environment bootstrap of fixed-policy averages
visuotactile_height_rl,visuotactile_native_rl,ood,intervention_force_budget_exceeded,0.03333333333333334,0.0,0.1,10,3,3,stratified paired environment bootstrap of fixed-policy averages
visuotactile_height_rl,script,ood,full_episode_peak_normal_N,-0.39329710006713886,-3.3972100015481312,2.6558800450960773,10,3,1,stratified paired environment bootstrap of fixed-policy averages
visuotactile_height_rl,force_feedback,ood,full_episode_peak_normal_N,3.842355155944824,2.198750576575597,5.5793996683756495,10,3,1,stratified paired environment bootstrap of fixed-policy averages
visuotactile_height_rl,visuotactile_bc,ood,full_episode_peak_normal_N,-2.3885304848353073,-4.941802965799969,-0.1267599942286842,10,3,3,stratified paired environment bootstrap of fixed-policy averages
visuotactile_height_rl,visuotactile_native_rl,ood,full_episode_peak_normal_N,0.800513712565104,0.1552127158641814,1.565209423700968,10,3,3,stratified paired environment bootstrap of fixed-policy averages
visuotactile_height_rl,script,ood,native_shaped_return,10.84610987537159,7.33092232985146,14.305405969410177,10,3,1,stratified paired environment bootstrap of fixed-policy averages
visuotactile_height_rl,force_feedback,ood,native_shaped_return,11.193001668198558,7.957590071798123,14.473903385528944,10,3,1,stratified paired environment bootstrap of fixed-policy averages
visuotactile_height_rl,visuotactile_bc,ood,native_shaped_return,-6.829586678576345,-12.494939440598714,-1.3981045098483686,10,3,3,stratified paired environment bootstrap of fixed-policy averages
visuotactile_height_rl,visuotactile_native_rl,ood,native_shaped_return,0.6701190248809568,-1.3392239745857628,3.071477780205249,10,3,3,stratified paired environment bootstrap of fixed-policy averages
visuotactile_margin_height_rl,script,all,sustained_10cm_lift_within_force_budget,-0.03333333333333334,-0.16666666666666669,0.08333333333333333,20,3,1,stratified paired environment bootstrap of fixed-policy averages
visuotactile_margin_height_rl,force_feedback,all,sustained_10cm_lift_within_force_budget,-0.2833333333333333,-0.4,-0.16666666666666669,20,3,1,stratified paired environment bootstrap of fixed-policy averages
visuotactile_margin_height_rl,visuotactile_bc,all,sustained_10cm_lift_within_force_budget,-0.03333333333333334,-0.15,0.05,20,3,3,stratified paired environment bootstrap of fixed-policy averages
visuotactile_margin_height_rl,visuotactile_height_rl,all,sustained_10cm_lift_within_force_budget,-0.1,-0.2166666666666667,0.0,20,3,3,stratified paired environment bootstrap of fixed-policy averages
visuotactile_margin_height_rl,visuotactile_margin_native_rl,all,sustained_10cm_lift_within_force_budget,-0.03333333333333333,-0.08333333333333333,0.0,20,3,3,stratified paired environment bootstrap of fixed-policy averages
visuotactile_margin_height_rl,script,all,sustained_10cm_lift_success,-0.4,-0.45,-0.35000000000000003,20,3,1,stratified paired environment bootstrap of fixed-policy averages
visuotactile_margin_height_rl,force_feedback,all,sustained_10cm_lift_success,-0.4,-0.45,-0.35000000000000003,20,3,1,stratified paired environment bootstrap of fixed-policy averages
visuotactile_margin_height_rl,visuotactile_bc,all,sustained_10cm_lift_success,-0.03333333333333334,-0.15,0.05,20,3,3,stratified paired environment bootstrap of fixed-policy averages
visuotactile_margin_height_rl,visuotactile_height_rl,all,sustained_10cm_lift_success,-0.3666666666666667,-0.4333333333333334,-0.2833333333333333,20,3,3,stratified paired environment bootstrap of fixed-policy averages
visuotactile_margin_height_rl,visuotactile_margin_native_rl,all,sustained_10cm_lift_success,-0.016666666666666666,-0.05,0.0,20,3,3,stratified paired environment bootstrap of fixed-policy averages
visuotactile_margin_height_rl,script,all,force_budget_exceeded,-0.55,-0.7333333333333333,-0.3500000000000001,20,3,1,stratified paired environment bootstrap of fixed-policy averages
visuotactile_margin_height_rl,force_feedback,all,force_budget_exceeded,-0.10000000000000002,-0.25000000000000006,0.033333333333333326,20,3,1,stratified paired environment bootstrap of fixed-policy averages
visuotactile_margin_height_rl,visuotactile_bc,all,force_budget_exceeded,-0.38333333333333336,-0.5333333333333333,-0.23333333333333334,20,3,3,stratified paired environment bootstrap of fixed-policy averages
visuotactile_margin_height_rl,visuotactile_height_rl,all,force_budget_exceeded,-0.5499999999999999,-0.7,-0.39999999999999997,20,3,3,stratified paired environment bootstrap of fixed-policy averages
visuotactile_margin_height_rl,visuotactile_margin_native_rl,all,force_budget_exceeded,0.0,-0.06666666666666667,0.06666666666666667,20,3,3,stratified paired environment bootstrap of fixed-policy averages
visuotactile_margin_height_rl,script,all,intervention_force_budget_exceeded,-0.5833333333333334,-0.7666666666666667,-0.3833333333333334,20,3,1,stratified paired environment bootstrap of fixed-policy averages
visuotactile_margin_height_rl,force_feedback,all,intervention_force_budget_exceeded,0.01666666666666666,-0.08333333333333334,0.09999999999999999,20,3,1,stratified paired environment bootstrap of fixed-policy averages
visuotactile_margin_height_rl,visuotactile_bc,all,intervention_force_budget_exceeded,-0.3166666666666667,-0.5000000000000001,-0.14958333333333557,20,3,3,stratified paired environment bootstrap of fixed-policy averages
visuotactile_margin_height_rl,visuotactile_height_rl,all,intervention_force_budget_exceeded,-0.5333333333333334,-0.7166666666666666,-0.35,20,3,3,stratified paired environment bootstrap of fixed-policy averages
visuotactile_margin_height_rl,visuotactile_margin_native_rl,all,intervention_force_budget_exceeded,-0.016666666666666666,-0.06666666666666667,0.03333333333333333,20,3,3,stratified paired environment bootstrap of fixed-policy averages
visuotactile_margin_height_rl,script,all,full_episode_peak_normal_N,-7.115316043297449,-9.950481913288435,-4.366494209567707,20,3,1,stratified paired environment bootstrap of fixed-policy averages
visuotactile_margin_height_rl,force_feedback,all,full_episode_peak_normal_N,-2.9477594951788584,-3.859610588848591,-2.0682591163615394,20,3,1,stratified paired environment bootstrap of fixed-policy averages
visuotactile_margin_height_rl,visuotactile_bc,all,full_episode_peak_normal_N,-6.861621038118999,-9.861130346804858,-4.280647867222627,20,3,3,stratified paired environment bootstrap of fixed-policy averages
visuotactile_margin_height_rl,visuotactile_height_rl,all,full_episode_peak_normal_N,-5.733713887135187,-7.119333740125099,-4.303826532413563,20,3,3,stratified paired environment bootstrap of fixed-policy averages
visuotactile_margin_height_rl,visuotactile_margin_native_rl,all,full_episode_peak_normal_N,0.5756871908903121,0.08847074553370478,1.029917150984207,20,3,3,stratified paired environment bootstrap of fixed-policy averages
visuotactile_margin_height_rl,script,all,native_shaped_return,-19.883216463147267,-23.27270276758451,-16.757187505937704,20,3,1,stratified paired environment bootstrap of fixed-policy averages
visuotactile_margin_height_rl,force_feedback,all,native_shaped_return,-19.407787382769182,-23.121279092247995,-16.136368950979733,20,3,1,stratified paired environment bootstrap of fixed-policy averages
visuotactile_margin_height_rl,visuotactile_bc,all,native_shaped_return,-16.648907455034312,-23.367710576880857,-8.975566808190633,20,3,3,stratified paired environment bootstrap of fixed-policy averages
visuotactile_margin_height_rl,visuotactile_height_rl,all,native_shaped_return,-30.574131372108177,-34.75230635250458,-26.431236425793376,20,3,3,stratified paired environment bootstrap of fixed-policy averages
visuotactile_margin_height_rl,visuotactile_margin_native_rl,all,native_shaped_return,-8.715651155621398,-10.467629575109296,-7.14393424421315,20,3,3,stratified paired environment bootstrap of fixed-policy averages
visuotactile_margin_height_rl,script,id,sustained_10cm_lift_within_force_budget,-0.06666666666666668,-0.33333333333333337,0.16666666666666666,10,3,1,stratified paired environment bootstrap of fixed-policy averages
visuotactile_margin_height_rl,force_feedback,id,sustained_10cm_lift_within_force_budget,-0.5666666666666667,-0.8,-0.3,10,3,1,stratified paired environment bootstrap of fixed-policy averages
visuotactile_margin_height_rl,visuotactile_bc,id,sustained_10cm_lift_within_force_budget,-0.06666666666666668,-0.3,0.1,10,3,3,stratified paired environment bootstrap of fixed-policy averages
visuotactile_margin_height_rl,visuotactile_height_rl,id,sustained_10cm_lift_within_force_budget,-0.2,-0.4341666666666667,0.03333333333333332,10,3,3,stratified paired environment bootstrap of fixed-policy averages
visuotactile_margin_height_rl,visuotactile_margin_native_rl,id,sustained_10cm_lift_within_force_budget,-0.06666666666666667,-0.16666666666666666,0.0,10,3,3,stratified paired environment bootstrap of fixed-policy averages
visuotactile_margin_height_rl,script,id,sustained_10cm_lift_success,-0.8,-0.9,-0.7000000000000001,10,3,1,stratified paired environment bootstrap of fixed-policy averages
visuotactile_margin_height_rl,force_feedback,id,sustained_10cm_lift_success,-0.8,-0.9,-0.7000000000000001,10,3,1,stratified paired environment bootstrap of fixed-policy averages
visuotactile_margin_height_rl,visuotactile_bc,id,sustained_10cm_lift_success,-0.06666666666666668,-0.3,0.1,10,3,3,stratified paired environment bootstrap of fixed-policy averages
visuotactile_margin_height_rl,visuotactile_height_rl,id,sustained_10cm_lift_success,-0.7333333333333334,-0.8666666666666668,-0.5666666666666667,10,3,3,stratified paired environment bootstrap of fixed-policy averages
visuotactile_margin_height_rl,visuotactile_margin_native_rl,id,sustained_10cm_lift_success,-0.03333333333333333,-0.1,0.0,10,3,3,stratified paired environment bootstrap of fixed-policy averages
visuotactile_margin_height_rl,script,id,force_budget_exceeded,-0.7333333333333334,-0.9333333333333333,-0.4666666666666667,10,3,1,stratified paired environment bootstrap of fixed-policy averages
visuotactile_margin_height_rl,force_feedback,id,force_budget_exceeded,-0.23333333333333334,-0.4666666666666667,-0.06666666666666668,10,3,1,stratified paired environment bootstrap of fixed-policy averages
visuotactile_margin_height_rl,visuotactile_bc,id,force_budget_exceeded,-0.2666666666666667,-0.5,-0.06666666666666667,10,3,3,stratified paired environment bootstrap of fixed-policy averages
visuotactile_margin_height_rl,visuotactile_height_rl,id,force_budget_exceeded,-0.5333333333333334,-0.7666666666666667,-0.2666666666666667,10,3,3,stratified paired environment bootstrap of fixed-policy averages
visuotactile_margin_height_rl,visuotactile_margin_native_rl,id,force_budget_exceeded,0.0,-0.06749999999999996,0.1,10,3,3,stratified paired environment bootstrap of fixed-policy averages
visuotactile_margin_height_rl,script,id,intervention_force_budget_exceeded,-0.8,-1.0,-0.5,10,3,1,stratified paired environment bootstrap of fixed-policy averages
visuotactile_margin_height_rl,force_feedback,id,intervention_force_budget_exceeded,0.0,0.0,0.0,10,3,1,stratified paired environment bootstrap of fixed-policy averages
visuotactile_margin_height_rl,visuotactile_bc,id,intervention_force_budget_exceeded,-0.3333333333333333,-0.6,-0.1,10,3,3,stratified paired environment bootstrap of fixed-policy averages
visuotactile_margin_height_rl,visuotactile_height_rl,id,intervention_force_budget_exceeded,-0.6,-0.8666666666666666,-0.3333333333333333,10,3,3,stratified paired environment bootstrap of fixed-policy averages
visuotactile_margin_height_rl,visuotactile_margin_native_rl,id,intervention_force_budget_exceeded,-0.03333333333333333,-0.1,0.0,10,3,3,stratified paired environment bootstrap of fixed-policy averages
visuotactile_margin_height_rl,script,id,full_episode_peak_normal_N,-8.510690001646678,-11.431921839515367,-5.792639609078567,10,3,1,stratified paired environment bootstrap of fixed-policy averages
visuotactile_margin_height_rl,force_feedback,id,full_episode_peak_normal_N,-4.411229161421458,-5.607484766642252,-3.1077021328608208,10,3,1,stratified paired environment bootstrap of fixed-policy averages
visuotactile_margin_height_rl,visuotactile_bc,id,full_episode_peak_normal_N,-6.008066606521607,-9.809159501294296,-2.5182406251629206,10,3,3,stratified paired environment bootstrap of fixed-policy averages
visuotactile_margin_height_rl,visuotactile_height_rl,id,full_episode_peak_normal_N,-6.140782789389292,-7.59386414339145,-4.2446210386355725,10,3,3,stratified paired environment bootstrap of fixed-policy averages
visuotactile_margin_height_rl,visuotactile_margin_native_rl,id,full_episode_peak_normal_N,0.2143919090429942,-0.28717315077781674,0.7477096896866956,10,3,3,stratified paired environment bootstrap of fixed-policy averages
visuotactile_margin_height_rl,script,id,native_shaped_return,-42.097674221445246,-48.40987369678097,-36.08827299896638,10,3,1,stratified paired environment bootstrap of fixed-policy averages
visuotactile_margin_height_rl,force_feedback,id,native_shaped_return,-41.49370785351604,-47.39161805959304,-35.37362665366481,10,3,1,stratified paired environment bootstrap of fixed-policy averages
visuotactile_margin_height_rl,visuotactile_bc,id,native_shaped_return,-17.9533596512714,-30.348005274071905,-2.6102207481273467,10,3,3,stratified paired environment bootstrap of fixed-policy averages
visuotactile_margin_height_rl,visuotactile_height_rl,id,native_shaped_return,-52.63339416399547,-59.263649090080236,-45.71220219248967,10,3,3,stratified paired environment bootstrap of fixed-policy averages
visuotactile_margin_height_rl,visuotactile_margin_native_rl,id,native_shaped_return,-9.857950297111444,-12.83429946447148,-7.845494094118987,10,3,3,stratified paired environment bootstrap of fixed-policy averages
visuotactile_margin_height_rl,script,ood,sustained_10cm_lift_within_force_budget,0.0,0.0,0.0,10,3,1,stratified paired environment bootstrap of fixed-policy averages
visuotactile_margin_height_rl,force_feedback,ood,sustained_10cm_lift_within_force_budget,0.0,0.0,0.0,10,3,1,stratified paired environment bootstrap of fixed-policy averages
visuotactile_margin_height_rl,visuotactile_bc,ood,sustained_10cm_lift_within_force_budget,0.0,0.0,0.0,10,3,3,stratified paired environment bootstrap of fixed-policy averages
visuotactile_margin_height_rl,visuotactile_height_rl,ood,sustained_10cm_lift_within_force_budget,0.0,0.0,0.0,10,3,3,stratified paired environment bootstrap of fixed-policy averages
visuotactile_margin_height_rl,visuotactile_margin_native_rl,ood,sustained_10cm_lift_within_force_budget,0.0,0.0,0.0,10,3,3,stratified paired environment bootstrap of fixed-policy averages
visuotactile_margin_height_rl,script,ood,sustained_10cm_lift_success,0.0,0.0,0.0,10,3,1,stratified paired environment bootstrap of fixed-policy averages
visuotactile_margin_height_rl,force_feedback,ood,sustained_10cm_lift_success,0.0,0.0,0.0,10,3,1,stratified paired environment bootstrap of fixed-policy averages
visuotactile_margin_height_rl,visuotactile_bc,ood,sustained_10cm_lift_success,0.0,0.0,0.0,10,3,3,stratified paired environment bootstrap of fixed-policy averages
visuotactile_margin_height_rl,visuotactile_height_rl,ood,sustained_10cm_lift_success,0.0,0.0,0.0,10,3,3,stratified paired environment bootstrap of fixed-policy averages
visuotactile_margin_height_rl,visuotactile_margin_native_rl,ood,sustained_10cm_lift_success,0.0,0.0,0.0,10,3,3,stratified paired environment bootstrap of fixed-policy averages
visuotactile_margin_height_rl,script,ood,force_budget_exceeded,-0.3666666666666667,-0.6333333333333334,-0.06666666666666668,10,3,1,stratified paired environment bootstrap of fixed-policy averages
visuotactile_margin_height_rl,force_feedback,ood,force_budget_exceeded,0.03333333333333332,-0.16666666666666669,0.19999999999999998,10,3,1,stratified paired environment bootstrap of fixed-policy averages
visuotactile_margin_height_rl,visuotactile_bc,ood,force_budget_exceeded,-0.5,-0.7000000000000001,-0.2666666666666667,10,3,3,stratified paired environment bootstrap of fixed-policy averages
visuotactile_margin_height_rl,visuotactile_height_rl,ood,force_budget_exceeded,-0.5666666666666667,-0.7666666666666667,-0.3666666666666667,10,3,3,stratified paired environment bootstrap of fixed-policy averages
visuotactile_margin_height_rl,visuotactile_margin_native_rl,ood,force_budget_exceeded,0.0,-0.1,0.1,10,3,3,stratified paired environment bootstrap of fixed-policy averages
visuotactile_margin_height_rl,script,ood,intervention_force_budget_exceeded,-0.3666666666666667,-0.6333333333333334,-0.0666666666666667,10,3,1,stratified paired environment bootstrap of fixed-policy averages
visuotactile_margin_height_rl,force_feedback,ood,intervention_force_budget_exceeded,0.03333333333333332,-0.16666666666666669,0.16666666666666666,10,3,1,stratified paired environment bootstrap of fixed-policy averages
visuotactile_margin_height_rl,visuotactile_bc,ood,intervention_force_budget_exceeded,-0.3,-0.5333333333333334,-0.06666666666666668,10,3,3,stratified paired environment bootstrap of fixed-policy averages
visuotactile_margin_height_rl,visuotactile_height_rl,ood,intervention_force_budget_exceeded,-0.4666666666666667,-0.7333333333333334,-0.2,10,3,3,stratified paired environment bootstrap of fixed-policy averages
visuotactile_margin_height_rl,visuotactile_margin_native_rl,ood,intervention_force_budget_exceeded,0.0,-0.1,0.1,10,3,3,stratified paired environment bootstrap of fixed-policy averages
visuotactile_margin_height_rl,script,ood,full_episode_peak_normal_N,-5.719942084948221,-11.090358566244443,-1.0869428882996262,10,3,1,stratified paired environment bootstrap of fixed-policy averages
visuotactile_margin_height_rl,force_feedback,ood,full_episode_peak_normal_N,-1.484289828936259,-2.822899782856305,-0.28063045322895064,10,3,1,stratified paired environment bootstrap of fixed-policy averages
visuotactile_margin_height_rl,visuotactile_bc,ood,full_episode_peak_normal_N,-7.71517546971639,-12.331256150404613,-3.5671449925502237,10,3,3,stratified paired environment bootstrap of fixed-policy averages
visuotactile_margin_height_rl,visuotactile_height_rl,ood,full_episode_peak_normal_N,-5.326644984881083,-7.688381630778313,-3.052880059281988,10,3,3,stratified paired environment bootstrap of fixed-policy averages
visuotactile_margin_height_rl,visuotactile_margin_native_rl,ood,full_episode_peak_normal_N,0.9369824727376302,0.10271945575873058,1.673432390093803,10,3,3,stratified paired environment bootstrap of fixed-policy averages
visuotactile_margin_height_rl,script,ood,native_shaped_return,2.3312412951507135,0.18070534296936958,5.18517134988625,10,3,1,stratified paired environment bootstrap of fixed-policy averages
visuotactile_margin_height_rl,force_feedback,ood,native_shaped_return,2.678133087977682,0.7577759497242724,5.416751976865198,10,3,1,stratified paired environment bootstrap of fixed-policy averages
visuotactile_margin_height_rl,visuotactile_bc,ood,native_shaped_return,-15.344455258797222,-19.74537510168468,-10.914180160522326,10,3,3,stratified paired environment bootstrap of fixed-policy averages
visuotactile_margin_height_rl,visuotactile_height_rl,ood,native_shaped_return,-8.514868580220877,-13.267467576585195,-3.009614773596902,10,3,3,stratified paired environment bootstrap of fixed-policy averages
visuotactile_margin_height_rl,visuotactile_margin_native_rl,ood,native_shaped_return,-7.573352014131355,-9.339877058803994,-5.083113327189236,10,3,3,stratified paired environment bootstrap of fixed-policy averages
visuotactile_margin_native_rl,script,all,sustained_10cm_lift_within_force_budget,-1.1102230246251566e-17,-0.15000000000000002,0.11666666666666665,20,3,1,stratified paired environment bootstrap of fixed-policy averages
visuotactile_margin_native_rl,force_feedback,all,sustained_10cm_lift_within_force_budget,-0.25,-0.3666666666666667,-0.11666666666666667,20,3,1,stratified paired environment bootstrap of fixed-policy averages
visuotactile_margin_native_rl,visuotactile_bc,all,sustained_10cm_lift_within_force_budget,-5.551115123125783e-18,-0.08333333333333334,0.06666666666666667,20,3,3,stratified paired environment bootstrap of fixed-policy averages
visuotactile_margin_native_rl,visuotactile_native_rl,all,sustained_10cm_lift_within_force_budget,0.05,0.0,0.1,20,3,3,stratified paired environment bootstrap of fixed-policy averages
visuotactile_margin_native_rl,script,all,sustained_10cm_lift_success,-0.38333333333333336,-0.4333333333333334,-0.35,20,3,1,stratified paired environment bootstrap of fixed-policy averages
visuotactile_margin_native_rl,force_feedback,all,sustained_10cm_lift_success,-0.38333333333333336,-0.4333333333333334,-0.33333333333333337,20,3,1,stratified paired environment bootstrap of fixed-policy averages
visuotactile_margin_native_rl,visuotactile_bc,all,sustained_10cm_lift_success,-0.01666666666666667,-0.1,0.05,20,3,3,stratified paired environment bootstrap of fixed-policy averages
visuotactile_margin_native_rl,visuotactile_native_rl,all,sustained_10cm_lift_success,0.016666666666666666,-0.03333333333333333,0.06666666666666667,20,3,3,stratified paired environment bootstrap of fixed-policy averages
visuotactile_margin_native_rl,script,all,force_budget_exceeded,-0.55,-0.7499999999999999,-0.3500000000000001,20,3,1,stratified paired environment bootstrap of fixed-policy averages
visuotactile_margin_native_rl,force_feedback,all,force_budget_exceeded,-0.1,-0.2666666666666667,0.04999999999999999,20,3,1,stratified paired environment bootstrap of fixed-policy averages
visuotactile_margin_native_rl,visuotactile_bc,all,force_budget_exceeded,-0.38333333333333336,-0.5504166666666667,-0.19999999999999998,20,3,3,stratified paired environment bootstrap of fixed-policy averages
visuotactile_margin_native_rl,visuotactile_native_rl,all,force_budget_exceeded,-0.4833333333333334,-0.6499999999999999,-0.31666666666666665,20,3,3,stratified paired environment bootstrap of fixed-policy averages
visuotactile_margin_native_rl,script,all,intervention_force_budget_exceeded,-0.5666666666666667,-0.75,-0.36666666666666675,20,3,1,stratified paired environment bootstrap of fixed-policy averages
visuotactile_margin_native_rl,force_feedback,all,intervention_force_budget_exceeded,0.033333333333333326,-0.06666666666666668,0.11666666666666665,20,3,1,stratified paired environment bootstrap of fixed-policy averages
visuotactile_margin_native_rl,visuotactile_bc,all,intervention_force_budget_exceeded,-0.3,-0.5166666666666666,-0.1,20,3,3,stratified paired environment bootstrap of fixed-policy averages
visuotactile_margin_native_rl,visuotactile_native_rl,all,intervention_force_budget_exceeded,-0.4833333333333333,-0.65,-0.30000000000000004,20,3,3,stratified paired environment bootstrap of fixed-policy averages
visuotactile_margin_native_rl,script,all,full_episode_peak_normal_N,-7.691003234187763,-10.713607893511654,-4.65141071955363,20,3,1,stratified paired environment bootstrap of fixed-policy averages
visuotactile_margin_native_rl,force_feedback,all,full_episode_peak_normal_N,-3.52344668606917,-4.697066592598955,-2.5051052749405307,20,3,1,stratified paired environment bootstrap of fixed-policy averages
visuotactile_margin_native_rl,visuotactile_bc,all,full_episode_peak_normal_N,-7.437308229009309,-10.41367153406143,-4.588233537599445,20,3,3,stratified paired environment bootstrap of fixed-policy averages
visuotactile_margin_native_rl,visuotactile_native_rl,all,full_episode_peak_normal_N,-5.692921963334083,-7.01618967048824,-4.323092441931368,20,3,3,stratified paired environment bootstrap of fixed-policy averages
visuotactile_margin_native_rl,script,all,native_shaped_return,-11.167565307525868,-14.806687810479023,-7.822681512891024,20,3,1,stratified paired environment bootstrap of fixed-policy averages
visuotactile_margin_native_rl,force_feedback,all,native_shaped_return,-10.692136227147781,-14.27553924540912,-7.5261088879879505,20,3,1,stratified paired environment bootstrap of fixed-policy averages
visuotactile_margin_native_rl,visuotactile_bc,all,native_shaped_return,-7.933256299412913,-13.936375806427744,-0.5626023815748836,20,3,3,stratified paired environment bootstrap of fixed-policy averages
visuotactile_margin_native_rl,visuotactile_native_rl,all,native_shaped_return,-17.40747960627631,-22.076618006117503,-12.382319560635002,20,3,3,stratified paired environment bootstrap of fixed-policy averages
visuotactile_margin_native_rl,script,id,sustained_10cm_lift_within_force_budget,0.0,-0.3,0.23333333333333334,10,3,1,stratified paired environment bootstrap of fixed-policy averages
visuotactile_margin_native_rl,force_feedback,id,sustained_10cm_lift_within_force_budget,-0.5,-0.7333333333333334,-0.2333333333333334,10,3,1,stratified paired environment bootstrap of fixed-policy averages
visuotactile_margin_native_rl,visuotactile_bc,id,sustained_10cm_lift_within_force_budget,-1.1102230246251566e-17,-0.16666666666666669,0.13333333333333333,10,3,3,stratified paired environment bootstrap of fixed-policy averages
visuotactile_margin_native_rl,visuotactile_native_rl,id,sustained_10cm_lift_within_force_budget,0.1,0.0,0.19999999999999998,10,3,3,stratified paired environment bootstrap of fixed-policy averages
visuotactile_margin_native_rl,script,id,sustained_10cm_lift_success,-0.7666666666666667,-0.8666666666666668,-0.6666666666666667,10,3,1,stratified paired environment bootstrap of fixed-policy averages
visuotactile_margin_native_rl,force_feedback,id,sustained_10cm_lift_success,-0.7666666666666667,-0.8666666666666668,-0.7000000000000001,10,3,1,stratified paired environment bootstrap of fixed-policy averages
visuotactile_margin_native_rl,visuotactile_bc,id,sustained_10cm_lift_success,-0.03333333333333334,-0.2,0.1,10,3,3,stratified paired environment bootstrap of fixed-policy averages
visuotactile_margin_native_rl,visuotactile_native_rl,id,sustained_10cm_lift_success,0.03333333333333333,-0.06666666666666667,0.13333333333333333,10,3,3,stratified paired environment bootstrap of fixed-policy averages
visuotactile_margin_native_rl,script,id,force_budget_exceeded,-0.7333333333333334,-0.9666666666666666,-0.4666666666666667,10,3,1,stratified paired environment bootstrap of fixed-policy averages
visuotactile_margin_native_rl,force_feedback,id,force_budget_exceeded,-0.23333333333333334,-0.5333333333333334,0.03333333333333332,10,3,1,stratified paired environment bootstrap of fixed-policy averages
visuotactile_margin_native_rl,visuotactile_bc,id,force_budget_exceeded,-0.2666666666666667,-0.5333333333333334,0.0,10,3,3,stratified paired environment bootstrap of fixed-policy averages
visuotactile_margin_native_rl,visuotactile_native_rl,id,force_budget_exceeded,-0.5,-0.7333333333333333,-0.26666666666666666,10,3,3,stratified paired environment bootstrap of fixed-policy averages
visuotactile_margin_native_rl,script,id,intervention_force_budget_exceeded,-0.7666666666666667,-0.9666666666666668,-0.5,10,3,1,stratified paired environment bootstrap of fixed-policy averages
visuotactile_margin_native_rl,force_feedback,id,intervention_force_budget_exceeded,0.03333333333333333,0.0,0.1,10,3,1,stratified paired environment bootstrap of fixed-policy averages
visuotactile_margin_native_rl,visuotactile_bc,id,intervention_force_budget_exceeded,-0.3,-0.6,-0.03333333333333333,10,3,3,stratified paired environment bootstrap of fixed-policy averages
visuotactile_margin_native_rl,visuotactile_native_rl,id,intervention_force_budget_exceeded,-0.5333333333333333,-0.7666666666666667,-0.2666666666666667,10,3,3,stratified paired environment bootstrap of fixed-policy averages
visuotactile_margin_native_rl,script,id,full_episode_peak_normal_N,-8.72508191068967,-11.817217308680217,-5.807351253678402,10,3,1,stratified paired environment bootstrap of fixed-policy averages
visuotactile_margin_native_rl,force_feedback,id,full_episode_peak_normal_N,-4.625621070464453,-5.932127396265666,-3.3513458389540522,10,3,1,stratified paired environment bootstrap of fixed-policy averages
visuotactile_margin_native_rl,visuotactile_bc,id,full_episode_peak_normal_N,-6.2224585155646,-9.973226843973,-2.7013232234617077,10,3,3,stratified paired environment bootstrap of fixed-policy averages
visuotactile_margin_native_rl,visuotactile_native_rl,id,full_episode_peak_normal_N,-5.922730181614558,-7.145295587182045,-4.502893823434912,10,3,3,stratified paired environment bootstrap of fixed-policy averages
visuotactile_margin_native_rl,script,id,native_shaped_return,-32.2397239243338,-39.18643561921148,-25.807593268173576,10,3,1,stratified paired environment bootstrap of fixed-policy averages
visuotactile_margin_native_rl,force_feedback,id,native_shaped_return,-31.6357575564046,-38.403830063455125,-25.068684074902585,10,3,1,stratified paired environment bootstrap of fixed-policy averages
visuotactile_margin_native_rl,visuotactile_bc,id,native_shaped_return,-8.095409354159958,-19.6684529238843,7.120310799037983,10,3,3,stratified paired environment bootstrap of fixed-policy averages
visuotactile_margin_native_rl,visuotactile_native_rl,id,native_shaped_return,-34.54356167134406,-43.10291150264797,-25.963906752712614,10,3,3,stratified paired environment bootstrap of fixed-policy averages
visuotactile_margin_native_rl,script,ood,sustained_10cm_lift_within_force_budget,0.0,0.0,0.0,10,3,1,stratified paired environment bootstrap of fixed-policy averages
visuotactile_margin_native_rl,force_feedback,ood,sustained_10cm_lift_within_force_budget,0.0,0.0,0.0,10,3,1,stratified paired environment bootstrap of fixed-policy averages
visuotactile_margin_native_rl,visuotactile_bc,ood,sustained_10cm_lift_within_force_budget,0.0,0.0,0.0,10,3,3,stratified paired environment bootstrap of fixed-policy averages
visuotactile_margin_native_rl,visuotactile_native_rl,ood,sustained_10cm_lift_within_force_budget,0.0,0.0,0.0,10,3,3,stratified paired environment bootstrap of fixed-policy averages
visuotactile_margin_native_rl,script,ood,sustained_10cm_lift_success,0.0,0.0,0.0,10,3,1,stratified paired environment bootstrap of fixed-policy averages
visuotactile_margin_native_rl,force_feedback,ood,sustained_10cm_lift_success,0.0,0.0,0.0,10,3,1,stratified paired environment bootstrap of fixed-policy averages
visuotactile_margin_native_rl,visuotactile_bc,ood,sustained_10cm_lift_success,0.0,0.0,0.0,10,3,3,stratified paired environment bootstrap of fixed-policy averages
visuotactile_margin_native_rl,visuotactile_native_rl,ood,sustained_10cm_lift_success,0.0,0.0,0.0,10,3,3,stratified paired environment bootstrap of fixed-policy averages
visuotactile_margin_native_rl,script,ood,force_budget_exceeded,-0.3666666666666667,-0.6341666666666667,-0.1,10,3,1,stratified paired environment bootstrap of fixed-policy averages
visuotactile_margin_native_rl,force_feedback,ood,force_budget_exceeded,0.03333333333333332,-0.16666666666666669,0.16666666666666666,10,3,1,stratified paired environment bootstrap of fixed-policy averages
visuotactile_margin_native_rl,visuotactile_bc,ood,force_budget_exceeded,-0.5,-0.7333333333333334,-0.26666666666666666,10,3,3,stratified paired environment bootstrap of fixed-policy averages
visuotactile_margin_native_rl,visuotactile_native_rl,ood,force_budget_exceeded,-0.4666666666666667,-0.7,-0.26583333333333786,10,3,3,stratified paired environment bootstrap of fixed-policy averages
visuotactile_margin_native_rl,script,ood,intervention_force_budget_exceeded,-0.3666666666666667,-0.6333333333333334,-0.10000000000000002,10,3,1,stratified paired environment bootstrap of fixed-policy averages
visuotactile_margin_native_rl,force_feedback,ood,intervention_force_budget_exceeded,0.03333333333333332,-0.16666666666666669,0.19999999999999998,10,3,1,stratified paired environment bootstrap of fixed-policy averages
visuotactile_margin_native_rl,visuotactile_bc,ood,intervention_force_budget_exceeded,-0.3,-0.6,-0.03333333333333334,10,3,3,stratified paired environment bootstrap of fixed-policy averages
visuotactile_margin_native_rl,visuotactile_native_rl,ood,intervention_force_budget_exceeded,-0.4333333333333334,-0.6666666666666667,-0.2,10,3,3,stratified paired environment bootstrap of fixed-policy averages
visuotactile_margin_native_rl,script,ood,full_episode_peak_normal_N,-6.656924557685852,-12.253227416078248,-1.656062541802732,10,3,1,stratified paired environment bootstrap of fixed-policy averages
visuotactile_margin_native_rl,force_feedback,ood,full_episode_peak_normal_N,-2.421272301673889,-4.058684893846513,-0.8468823885917675,10,3,1,stratified paired environment bootstrap of fixed-policy averages
visuotactile_margin_native_rl,visuotactile_bc,ood,full_episode_peak_normal_N,-8.652157942454021,-13.797508209149042,-4.280964658061668,10,3,3,stratified paired environment bootstrap of fixed-policy averages
visuotactile_margin_native_rl,visuotactile_native_rl,ood,full_episode_peak_normal_N,-5.463113745053609,-7.671371398568152,-3.289101951519648,10,3,3,stratified paired environment bootstrap of fixed-policy averages
visuotactile_margin_native_rl,script,ood,native_shaped_return,9.904593309282067,8.37691712729357,11.76544924377432,10,3,1,stratified paired environment bootstrap of fixed-policy averages
visuotactile_margin_native_rl,force_feedback,ood,native_shaped_return,10.251485102109037,8.904404729684664,11.616984402240176,10,3,1,stratified paired environment bootstrap of fixed-policy averages
visuotactile_margin_native_rl,visuotactile_bc,ood,native_shaped_return,-7.771103244665868,-11.876772443635035,-2.802648443835802,10,3,3,stratified paired environment bootstrap of fixed-policy averages
visuotactile_margin_native_rl,visuotactile_native_rl,ood,native_shaped_return,-0.27139754120856596,-5.252845085653326,3.859151465825571,10,3,3,stratified paired environment bootstrap of fixed-policy averages
visuotactile_native_rl,script,all,sustained_10cm_lift_within_force_budget,-0.05,-0.2166666666666667,0.08333333333333333,20,3,1,stratified paired environment bootstrap of fixed-policy averages
visuotactile_native_rl,force_feedback,all,sustained_10cm_lift_within_force_budget,-0.3,-0.4166666666666667,-0.16666666666666669,20,3,1,stratified paired environment bootstrap of fixed-policy averages
visuotactile_native_rl,visuotactile_bc,all,sustained_10cm_lift_within_force_budget,-0.05,-0.11666666666666667,0.0,20,3,3,stratified paired environment bootstrap of fixed-policy averages
visuotactile_native_rl,script,all,sustained_10cm_lift_success,-0.4,-0.45,-0.35,20,3,1,stratified paired environment bootstrap of fixed-policy averages
visuotactile_native_rl,force_feedback,all,sustained_10cm_lift_success,-0.4,-0.45,-0.35000000000000003,20,3,1,stratified paired environment bootstrap of fixed-policy averages
visuotactile_native_rl,visuotactile_bc,all,sustained_10cm_lift_success,-0.03333333333333334,-0.11666666666666667,0.03333333333333333,20,3,3,stratified paired environment bootstrap of fixed-policy averages
visuotactile_native_rl,script,all,force_budget_exceeded,-0.06666666666666668,-0.20000000000000004,0.08333333333333333,20,3,1,stratified paired environment bootstrap of fixed-policy averages
visuotactile_native_rl,force_feedback,all,force_budget_exceeded,0.38333333333333336,0.2,0.5666666666666667,20,3,1,stratified paired environment bootstrap of fixed-policy averages
visuotactile_native_rl,visuotactile_bc,all,force_budget_exceeded,0.1,-0.05,0.2666666666666667,20,3,3,stratified paired environment bootstrap of fixed-policy averages
visuotactile_native_rl,script,all,intervention_force_budget_exceeded,-0.08333333333333334,-0.2166666666666667,0.06666666666666665,20,3,1,stratified paired environment bootstrap of fixed-policy averages
visuotactile_native_rl,force_feedback,all,intervention_force_budget_exceeded,0.5166666666666666,0.31666666666666665,0.7166666666666666,20,3,1,stratified paired environment bootstrap of fixed-policy averages
visuotactile_native_rl,visuotactile_bc,all,intervention_force_budget_exceeded,0.1833333333333333,0.03333333333333334,0.35,20,3,3,stratified paired environment bootstrap of fixed-policy averages
visuotactile_native_rl,script,all,full_episode_peak_normal_N,-1.9980812708536781,-4.07156647503376,0.043101904988288246,20,3,1,stratified paired environment bootstrap of fixed-policy averages
visuotactile_native_rl,force_feedback,all,full_episode_peak_normal_N,2.169475277264913,1.51839752693971,2.877932283878326,20,3,1,stratified paired environment bootstrap of fixed-policy averages
visuotactile_native_rl,visuotactile_bc,all,full_episode_peak_normal_N,-1.744386265675227,-3.994283636162678,0.3082685045401249,20,3,3,stratified paired environment bootstrap of fixed-policy averages
visuotactile_native_rl,script,all,native_shaped_return,6.239914298750445,1.1393641986865986,11.077449656801223,20,3,1,stratified paired environment bootstrap of fixed-policy averages
visuotactile_native_rl,force_feedback,all,native_shaped_return,6.715343379128532,1.5795949881370759,11.617906588955513,20,3,1,stratified paired environment bootstrap of fixed-policy averages
visuotactile_native_rl,visuotactile_bc,all,native_shaped_return,9.4742233068634,0.37069982721828443,18.450912342248454,20,3,3,stratified paired environment bootstrap of fixed-policy averages
visuotactile_native_rl,script,id,sustained_10cm_lift_within_force_budget,-0.1,-0.4,0.16666666666666666,10,3,1,stratified paired environment bootstrap of fixed-policy averages
visuotactile_native_rl,force_feedback,id,sustained_10cm_lift_within_force_budget,-0.6,-0.8333333333333334,-0.33333333333333337,10,3,1,stratified paired environment bootstrap of fixed-policy averages
visuotactile_native_rl,visuotactile_bc,id,sustained_10cm_lift_within_force_budget,-0.1,-0.23333333333333334,0.0,10,3,3,stratified paired environment bootstrap of fixed-policy averages
visuotactile_native_rl,script,id,sustained_10cm_lift_success,-0.8,-0.9,-0.7000000000000001,10,3,1,stratified paired environment bootstrap of fixed-policy averages
visuotactile_native_rl,force_feedback,id,sustained_10cm_lift_success,-0.8,-0.9,-0.7000000000000001,10,3,1,stratified paired environment bootstrap of fixed-policy averages
visuotactile_native_rl,visuotactile_bc,id,sustained_10cm_lift_success,-0.06666666666666668,-0.23333333333333334,0.06666666666666667,10,3,3,stratified paired environment bootstrap of fixed-policy averages
visuotactile_native_rl,script,id,force_budget_exceeded,-0.23333333333333334,-0.4666666666666667,-0.06666666666666668,10,3,1,stratified paired environment bootstrap of fixed-policy averages
visuotactile_native_rl,force_feedback,id,force_budget_exceeded,0.26666666666666666,0.06666666666666667,0.5,10,3,1,stratified paired environment bootstrap of fixed-policy averages
visuotactile_native_rl,visuotactile_bc,id,force_budget_exceeded,0.2333333333333333,0.0,0.5,10,3,3,stratified paired environment bootstrap of fixed-policy averages
visuotactile_native_rl,script,id,intervention_force_budget_exceeded,-0.23333333333333334,-0.4666666666666667,-0.03333333333333334,10,3,1,stratified paired environment bootstrap of fixed-policy averages
visuotactile_native_rl,force_feedback,id,intervention_force_budget_exceeded,0.5666666666666667,0.3,0.8333333333333333,10,3,1,stratified paired environment bootstrap of fixed-policy averages
visuotactile_native_rl,visuotactile_bc,id,intervention_force_budget_exceeded,0.2333333333333333,0.0,0.5,10,3,3,stratified paired environment bootstrap of fixed-policy averages
visuotactile_native_rl,script,id,full_episode_peak_normal_N,-2.802351729075114,-4.786776266098022,-1.0802449905872349,10,3,1,stratified paired environment bootstrap of fixed-policy averages
visuotactile_native_rl,force_feedback,id,full_episode_peak_normal_N,1.2971091111501056,0.7788967017332712,1.8495618530114493,10,3,1,stratified paired environment bootstrap of fixed-policy averages
visuotactile_native_rl,visuotactile_bc,id,full_episode_peak_normal_N,-0.2997283339500429,-3.3772169072429334,2.785388330022493,10,3,3,stratified paired environment bootstrap of fixed-policy averages
visuotactile_native_rl,script,id,native_shaped_return,2.3038377470102547,-7.6926898198757625,11.398766330772544,10,3,1,stratified paired environment bootstrap of fixed-policy averages
visuotactile_native_rl,force_feedback,id,native_shaped_return,2.9078041149394607,-6.827287604433906,12.079390409867418,10,3,1,stratified paired environment bootstrap of fixed-policy averages
visuotactile_native_rl,visuotactile_bc,id,native_shaped_return,26.448152317184103,8.967306051861298,44.17666948416195,10,3,3,stratified paired environment bootstrap of fixed-policy averages
visuotactile_native_rl,script,ood,sustained_10cm_lift_within_force_budget,0.0,0.0,0.0,10,3,1,stratified paired environment bootstrap of fixed-policy averages
visuotactile_native_rl,force_feedback,ood,sustained_10cm_lift_within_force_budget,0.0,0.0,0.0,10,3,1,stratified paired environment bootstrap of fixed-policy averages
visuotactile_native_rl,visuotactile_bc,ood,sustained_10cm_lift_within_force_budget,0.0,0.0,0.0,10,3,3,stratified paired environment bootstrap of fixed-policy averages
visuotactile_native_rl,script,ood,sustained_10cm_lift_success,0.0,0.0,0.0,10,3,1,stratified paired environment bootstrap of fixed-policy averages
visuotactile_native_rl,force_feedback,ood,sustained_10cm_lift_success,0.0,0.0,0.0,10,3,1,stratified paired environment bootstrap of fixed-policy averages
visuotactile_native_rl,visuotactile_bc,ood,sustained_10cm_lift_success,0.0,0.0,0.0,10,3,3,stratified paired environment bootstrap of fixed-policy averages
visuotactile_native_rl,script,ood,force_budget_exceeded,0.1,-0.06666666666666668,0.3333333333333333,10,3,1,stratified paired environment bootstrap of fixed-policy averages
visuotactile_native_rl,force_feedback,ood,force_budget_exceeded,0.5,0.2,0.7666666666666666,10,3,1,stratified paired environment bootstrap of fixed-policy averages
visuotactile_native_rl,visuotactile_bc,ood,force_budget_exceeded,-0.03333333333333332,-0.2333333333333333,0.16666666666666669,10,3,3,stratified paired environment bootstrap of fixed-policy averages
visuotactile_native_rl,script,ood,intervention_force_budget_exceeded,0.06666666666666667,-0.1,0.3,10,3,1,stratified paired environment bootstrap of fixed-policy averages
visuotactile_native_rl,force_feedback,ood,intervention_force_budget_exceeded,0.4666666666666666,0.2,0.7666666666666666,10,3,1,stratified paired environment bootstrap of fixed-policy averages
visuotactile_native_rl,visuotactile_bc,ood,intervention_force_budget_exceeded,0.13333333333333333,0.0,0.33333333333333337,10,3,3,stratified paired environment bootstrap of fixed-policy averages
visuotactile_native_rl,script,ood,full_episode_peak_normal_N,-1.1938108126322429,-4.97824874162674,2.5013932077089946,10,3,1,stratified paired environment bootstrap of fixed-policy averages
visuotactile_native_rl,force_feedback,ood,full_episode_peak_normal_N,3.0418414433797203,1.7933609354496005,4.331869985659916,10,3,1,stratified paired environment bootstrap of fixed-policy averages
visuotactile_native_rl,visuotactile_bc,ood,full_episode_peak_normal_N,-3.189044197400411,-6.391965135534605,-0.3400514956315391,10,3,3,stratified paired environment bootstrap of fixed-policy averages
visuotactile_native_rl,script,ood,native_shaped_return,10.175990850490635,6.955527747327035,14.072486620259198,10,3,1,stratified paired environment bootstrap of fixed-policy averages
visuotactile_native_rl,force_feedback,ood,native_shaped_return,10.522882643317601,7.479832904372299,14.15702591958012,10,3,1,stratified paired environment bootstrap of fixed-policy averages
visuotactile_native_rl,visuotactile_bc,ood,native_shaped_return,-7.499705703457302,-13.49944454876796,-1.639845529818336,10,3,3,stratified paired environment bootstrap of fixed-policy averages
visuotactile_bc,script,all,sustained_10cm_lift_within_force_budget,-1.1102230246251566e-17,-0.16666666666666669,0.15,20,3,1,stratified paired environment bootstrap of fixed-policy averages
visuotactile_bc,force_feedback,all,sustained_10cm_lift_within_force_budget,-0.25,-0.38333333333333336,-0.11666666666666667,20,3,1,stratified paired environment bootstrap of fixed-policy averages
visuotactile_bc,script,all,sustained_10cm_lift_success,-0.3666666666666667,-0.45,-0.2666666666666667,20,3,1,stratified paired environment bootstrap of fixed-policy averages
visuotactile_bc,force_feedback,all,sustained_10cm_lift_success,-0.3666666666666667,-0.45,-0.2666666666666667,20,3,1,stratified paired environment bootstrap of fixed-policy averages
visuotactile_bc,script,all,force_budget_exceeded,-0.16666666666666669,-0.3666666666666666,0.033749999999997726,20,3,1,stratified paired environment bootstrap of fixed-policy averages
visuotactile_bc,force_feedback,all,force_budget_exceeded,0.2833333333333333,0.15,0.4,20,3,1,stratified paired environment bootstrap of fixed-policy averages
visuotactile_bc,script,all,intervention_force_budget_exceeded,-0.2666666666666667,-0.45,-0.08333333333333334,20,3,1,stratified paired environment bootstrap of fixed-policy averages
visuotactile_bc,force_feedback,all,intervention_force_budget_exceeded,0.3333333333333333,0.15,0.55,20,3,1,stratified paired environment bootstrap of fixed-policy averages
visuotactile_bc,script,all,full_episode_peak_normal_N,-0.2536950051784513,-1.8190863594909508,1.0571657090385758,20,3,1,stratified paired environment bootstrap of fixed-policy averages
visuotactile_bc,force_feedback,all,full_episode_peak_normal_N,3.9138615429401407,1.408675312747558,6.555051603764293,20,3,1,stratified paired environment bootstrap of fixed-policy averages
visuotactile_bc,script,all,native_shaped_return,-3.234309008112956,-11.1515483362181,3.2062055435115226,20,3,1,stratified paired environment bootstrap of fixed-policy averages
visuotactile_bc,force_feedback,all,native_shaped_return,-2.7588799277348692,-10.618875737870457,3.8452715653582126,20,3,1,stratified paired environment bootstrap of fixed-policy averages
visuotactile_bc,script,id,sustained_10cm_lift_within_force_budget,-2.2204460492503132e-17,-0.3008333333333334,0.3,10,3,1,stratified paired environment bootstrap of fixed-policy averages
visuotactile_bc,force_feedback,id,sustained_10cm_lift_within_force_budget,-0.5,-0.7666666666666667,-0.23333333333333334,10,3,1,stratified paired environment bootstrap of fixed-policy averages
visuotactile_bc,script,id,sustained_10cm_lift_success,-0.7333333333333334,-0.9,-0.5333333333333334,10,3,1,stratified paired environment bootstrap of fixed-policy averages
visuotactile_bc,force_feedback,id,sustained_10cm_lift_success,-0.7333333333333334,-0.9,-0.5333333333333334,10,3,1,stratified paired environment bootstrap of fixed-policy averages
visuotactile_bc,script,id,force_budget_exceeded,-0.4666666666666667,-0.8,-0.13333333333333336,10,3,1,stratified paired environment bootstrap of fixed-policy averages
visuotactile_bc,force_feedback,id,force_budget_exceeded,0.03333333333333333,0.0,0.1,10,3,1,stratified paired environment bootstrap of fixed-policy averages
visuotactile_bc,script,id,intervention_force_budget_exceeded,-0.4666666666666667,-0.8,-0.13333333333333336,10,3,1,stratified paired environment bootstrap of fixed-policy averages
visuotactile_bc,force_feedback,id,intervention_force_budget_exceeded,0.3333333333333333,0.1,0.6,10,3,1,stratified paired environment bootstrap of fixed-policy averages
visuotactile_bc,script,id,full_episode_peak_normal_N,-2.502623395125071,-5.205391601423423,-0.25249471247196337,10,3,1,stratified paired environment bootstrap of fixed-policy averages
visuotactile_bc,force_feedback,id,full_episode_peak_normal_N,1.5968374451001486,-1.4497094213962554,4.608053098917005,10,3,1,stratified paired environment bootstrap of fixed-policy averages
visuotactile_bc,script,id,native_shaped_return,-24.14431457017385,-39.281520717017976,-11.941548506170273,10,3,1,stratified paired environment bootstrap of fixed-policy averages
visuotactile_bc,force_feedback,id,native_shaped_return,-23.540348202244644,-38.47051016909801,-10.573002064133323,10,3,1,stratified paired environment bootstrap of fixed-policy averages
visuotactile_bc,script,ood,sustained_10cm_lift_within_force_budget,0.0,0.0,0.0,10,3,1,stratified paired environment bootstrap of fixed-policy averages
visuotactile_bc,force_feedback,ood,sustained_10cm_lift_within_force_budget,0.0,0.0,0.0,10,3,1,stratified paired environment bootstrap of fixed-policy averages
visuotactile_bc,script,ood,sustained_10cm_lift_success,0.0,0.0,0.0,10,3,1,stratified paired environment bootstrap of fixed-policy averages
visuotactile_bc,force_feedback,ood,sustained_10cm_lift_success,0.0,0.0,0.0,10,3,1,stratified paired environment bootstrap of fixed-policy averages
visuotactile_bc,script,ood,force_budget_exceeded,0.1333333333333333,-0.03333333333333335,0.3333333333333333,10,3,1,stratified paired environment bootstrap of fixed-policy averages
visuotactile_bc,force_feedback,ood,force_budget_exceeded,0.5333333333333333,0.26666666666666666,0.7666666666666667,10,3,1,stratified paired environment bootstrap of fixed-policy averages
visuotactile_bc,script,ood,intervention_force_budget_exceeded,-0.06666666666666668,-0.2,0.0,10,3,1,stratified paired environment bootstrap of fixed-policy averages
visuotactile_bc,force_feedback,ood,intervention_force_budget_exceeded,0.33333333333333337,0.06666666666666667,0.6333333333333333,10,3,1,stratified paired environment bootstrap of fixed-policy averages
visuotactile_bc,script,ood,full_episode_peak_normal_N,1.9952333847681687,1.0324570357799534,3.3595455110073082,10,3,1,stratified paired environment bootstrap of fixed-policy averages
visuotactile_bc,force_feedback,ood,full_episode_peak_normal_N,6.230885640780132,2.4328399227062865,10.432453172206877,10,3,1,stratified paired environment bootstrap of fixed-policy averages
visuotactile_bc,script,ood,native_shaped_return,17.675696553947937,13.829001713237515,21.168490998300932,10,3,1,stratified paired environment bootstrap of fixed-policy averages
visuotactile_bc,force_feedback,ood,native_shaped_return,18.022588346774903,13.464034001580764,22.23493653735954,10,3,1,stratified paired environment bootstrap of fixed-policy averages
