run,variant,seed,split,method,windows,episodes,force_mae_N,force_mae_components_N,height_mae_m,rgb16_mse,substep_peak_mae_N,substep_peak_mae_by_horizon_N,substep_peak_underprediction_p95_N,support_accuracy,contact_accuracy,reward_mae,force_mae_by_horizon_N,height_mae_by_horizon_m,contact_forecasts,contact_phase_force_mae_N,contact_phase_height_mae_m
vision_seed0,vision,0,test_id,world_model,600,20,1.024925708770752,"[2.6251940727233887, 0.3411092460155487, 0.09505826979875565, 2.6361653804779053, 0.35902726650238037, 0.09300365298986435]",0.003961804788559675,0.0009661928634159267,2.594390869140625,"[2.51583194732666, 2.5514752864837646, 2.5832483768463135, 2.6422502994537354, 2.679147720336914]",5.107405662536621,0.972,0.9861666666666666,0.032661810517311096,"[0.9989445209503174, 1.011914610862732, 1.019422173500061, 1.0378093719482422, 1.056538701057434]","[0.0027937975246459246, 0.003396345768123865, 0.003966705873608589, 0.004521853290498257, 0.005130321718752384]",1441,1.9853119850158691,0.0074690040200948715
vision_seed0,vision,0,test_id,persistence_no_dynamics,600,20,0.9935401678085327,"[2.6068434715270996, 0.3517517149448395, 0.0900624468922615, 2.4623336791992188, 0.3595508337020874, 0.09069754928350449]",0.005034832749515772,0.001031386200338602,2.4880709648132324,"[2.4376816749572754, 2.4465012550354004, 2.48291015625, 2.5225462913513184, 2.550715446472168]",5.159585475921631,0.9453333333333334,0.9828333333333333,0.03962431475520134,"[0.9748180508613586, 0.979184091091156, 0.9888419508934021, 1.0024133920669556, 1.0224409103393555]","[0.003348760539665818, 0.004026188049465418, 0.004890123847872019, 0.005904261488467455, 0.007004837039858103]",1441,1.9522006511688232,0.008826926350593567
vision_seed0,vision,0,test_ood,world_model,600,20,0.8006746172904968,"[1.9536570310592651, 0.3192566931247711, 0.09385892748832703, 1.9994744062423706, 0.33241310715675354, 0.10538863390684128]",0.00307650794275105,0.0011793982703238726,2.0184519290924072,"[1.9330869913101196, 2.000197410583496, 2.0239734649658203, 2.041970729827881, 2.093027114868164]",10.313545227050781,0.8633333333333333,0.9651666666666666,0.04938412085175514,"[0.769751250743866, 0.7792718410491943, 0.7959665656089783, 0.8152121305465698, 0.8431710600852966]","[0.0024062078446149826, 0.0026861117221415043, 0.0030356463976204395, 0.003405375871807337, 0.0038491960149258375]",717,2.599346160888672,0.0076732630841434
vision_seed0,vision,0,test_ood,persistence_no_dynamics,600,20,0.8044852614402771,"[1.9490793943405151, 0.3401821553707123, 0.10100062191486359, 1.9600447416305542, 0.3575800061225891, 0.1190248504281044]",0.003412132151424885,0.0011826760601252317,2.0073015689849854,"[1.913085699081421, 1.9468259811401367, 2.012540578842163, 2.076443910598755, 2.0876107215881348]",10.341307640075684,0.922,0.9558333333333333,0.05295313522219658,"[0.7652732729911804, 0.7775145173072815, 0.8023555278778076, 0.8294517397880554, 0.8478304743766785]","[0.003177955048158765, 0.003263643477112055, 0.003394000930711627, 0.0035365573130548, 0.003688511438667774]",717,2.594644784927368,0.006732730660587549
visuotactile_seed0,visuotactile,0,test_id,world_model,600,20,0.20464123785495758,"[0.4890386164188385, 0.1167980208992958, 0.055428095161914825, 0.4174860417842865, 0.09253337234258652, 0.05656280368566513]",0.003209915244951844,0.0009498012950643897,0.49080049991607666,"[0.38564127683639526, 0.4452325403690338, 0.4926191568374634, 0.5314052104949951, 0.5991039276123047]",0.6495152115821838,0.9746666666666667,0.9891666666666666,0.026460889726877213,"[0.1624695211648941, 0.18572482466697693, 0.20161817967891693, 0.22222591936588287, 0.2511676847934723]","[0.0025150696747004986, 0.0027837969828397036, 0.003132083686068654, 0.003582932520657778, 0.004035689402371645]",1441,0.37281534075737,0.00583910895511508
visuotactile_seed0,visuotactile,0,test_id,persistence_no_dynamics,600,20,0.09496618807315826,"[0.18346743285655975, 0.05777698755264282, 0.04984928295016289, 0.17865419387817383, 0.05074987933039665, 0.04929908737540245]",0.005376399960368872,0.0010497126495465636,0.5286779999732971,"[0.44449570775032043, 0.47901809215545654, 0.5283941626548767, 0.5741930603981018, 0.6172889471054077]",1.1003419160842896,0.943,0.98,0.0394064337015152,"[0.04323679953813553, 0.06764732301235199, 0.09528354555368423, 0.12005404382944107, 0.14860931038856506]","[0.003412892110645771, 0.004297375213354826, 0.005294181872159243, 0.0063698855228722095, 0.0075076729990541935]",1441,0.19669222831726074,0.010090330615639687
visuotactile_seed0,visuotactile,0,test_id,shuffled_tactile_at_test,600,20,1.7411532402038574,"[4.639435768127441, 0.4848212003707886, 0.1431010663509369, 4.611601829528809, 0.4280543923377991, 0.1398990899324417]",0.018617628142237663,0.0016338602872565389,4.628415107727051,"[4.52468729019165, 4.581930160522461, 4.626126766204834, 4.690057277679443, 4.719264507293701]",18.65471076965332,0.8063333333333333,0.771,0.17420047521591187,"[1.7124096155166626, 1.7275755405426025, 1.7378621101379395, 1.7568868398666382, 1.7710331678390503]","[0.01839330419898033, 0.01833868958055973, 0.018518272787332535, 0.01879010535776615, 0.019047746434807777]",1441,3.1303234100341797,0.02180919609963894
visuotactile_seed0,visuotactile,0,test_ood,world_model,600,20,0.3501676321029663,"[0.7989094257354736, 0.17599986493587494, 0.07580488920211792, 0.7761743068695068, 0.18680602312088013, 0.08731000870466232]",0.0020311919506639242,0.0010242587886750698,0.7882309556007385,"[0.6653924584388733, 0.7358232736587524, 0.780225396156311, 0.8237351179122925, 0.9359787106513977]",3.0381882190704346,0.9276666666666666,0.9703333333333334,0.03626483306288719,"[0.29615774750709534, 0.3159148693084717, 0.3462333381175995, 0.3824467957019806, 0.41008520126342773]","[0.0020464935805648565, 0.0019579739309847355, 0.0019814269617199898, 0.002056403551250696, 0.0021136626601219177]",717,1.1187620162963867,0.005424404516816139
visuotactile_seed0,visuotactile,0,test_ood,persistence_no_dynamics,600,20,0.20291177928447723,"[0.4159816801548004, 0.1283862143754959, 0.06572762131690979, 0.4089376926422119, 0.1248544380068779, 0.07358285784721375]",0.0028676933143287897,0.0011382086668163538,0.9257765412330627,"[0.757254958152771, 0.8249395489692688, 0.911331057548523, 1.0094377994537354, 1.1259194612503052]",4.104082107543945,0.9153333333333333,0.9561666666666667,0.043513596057891846,"[0.11404695361852646, 0.15313737094402313, 0.20085671544075012, 0.2502571642398834, 0.29626086354255676]","[0.0026752862613648176, 0.0027419747784733772, 0.002845712238922715, 0.002969547640532255, 0.0031059435568749905]",717,0.665485143661499,0.006064464338123798
visuotactile_seed0,visuotactile,0,test_ood,shuffled_tactile_at_test,600,20,1.1331082582473755,"[2.814362049102783, 0.42737051844596863, 0.10178469121456146, 2.8971757888793945, 0.44464197754859924, 0.11331406980752945]",0.00866658240556717,0.0013526451075449586,2.859811305999756,"[2.782503843307495, 2.807888984680176, 2.8607523441314697, 2.888272762298584, 2.959636688232422]",13.433392524719238,0.8656666666666667,0.862,0.10892105847597122,"[1.0942853689193726, 1.1206504106521606, 1.1250568628311157, 1.1600223779678345, 1.1655255556106567]","[0.00852364581078291, 0.008507153950631618, 0.00863585900515318, 0.00878635048866272, 0.008879905566573143]",717,3.1660497188568115,0.019390903413295746
vision_seed1,vision,1,test_id,world_model,600,20,1.019396424293518,"[2.6107776165008545, 0.34972095489501953, 0.09706366807222366, 2.6014761924743652, 0.36133283376693726, 0.09600949287414551]",0.004499772563576698,0.0007440152112394571,2.5257792472839355,"[2.382265329360962, 2.472135066986084, 2.521519184112549, 2.597724199295044, 2.65525221824646]",6.670561790466309,0.975,0.9871666666666666,0.027762282639741898,"[0.9644178748130798, 0.996928870677948, 1.0156800746917725, 1.0446690320968628, 1.0752860307693481]","[0.003459022380411625, 0.004006961360573769, 0.0045238640159368515, 0.005011418834328651, 0.005497600883245468]",1441,2.020724058151245,0.008058171719312668
vision_seed1,vision,1,test_id,persistence_no_dynamics,600,20,0.9572202563285828,"[2.4848690032958984, 0.347995400428772, 0.09858603030443192, 2.373908758163452, 0.34091126918792725, 0.09705537557601929]",0.005543980281800032,0.0009431166108697653,2.3293228149414062,"[2.262950897216797, 2.2788491249084473, 2.3241231441497803, 2.3721845149993896, 2.408507823944092]",5.850256443023682,0.9463333333333334,0.9806666666666667,0.046783123165369034,"[0.9369555711746216, 0.9415543675422668, 0.9520041942596436, 0.9676011204719543, 0.9879849553108215]","[0.003636691253632307, 0.004461231641471386, 0.0054664346389472485, 0.00652098935097456, 0.00763455405831337]",1441,1.9073128700256348,0.010073892772197723
vision_seed1,vision,1,test_ood,world_model,600,20,0.7175127863883972,"[1.756591796875, 0.30157721042633057, 0.09092450141906738, 1.716961145401001, 0.3390081524848938, 0.10001165419816971]",0.002228268887847662,0.0010542765958234668,1.8066985607147217,"[1.734120488166809, 1.7839703559875488, 1.8077510595321655, 1.834712266921997, 1.8729372024536133]",8.927058219909668,0.8773333333333333,0.9688333333333333,0.04463471472263336,"[0.698409378528595, 0.6964381337165833, 0.7109895944595337, 0.7232794165611267, 0.758448600769043]","[0.0020023684483021498, 0.0020587437320500612, 0.002214266685768962, 0.0023473689798265696, 0.002518598921597004]",717,2.4830119609832764,0.005373383406549692
vision_seed1,vision,1,test_ood,persistence_no_dynamics,600,20,0.7320263981819153,"[1.6887285709381104, 0.3338172733783722, 0.09843820333480835, 1.809043288230896, 0.34397652745246887, 0.11815083026885986]",0.0029990333132445812,0.0011396389454603195,1.7740846872329712,"[1.6698403358459473, 1.7093923091888428, 1.779698133468628, 1.845956802368164, 1.8655389547348022]",9.400948524475098,0.9393333333333334,0.9633333333333334,0.05114263296127319,"[0.690436601638794, 0.705788791179657, 0.7306925058364868, 0.7527552843093872, 0.7804583311080933]","[0.002797839231789112, 0.0028583609964698553, 0.002967370441183448, 0.0031074737198650837, 0.0032641214784234762]",717,2.5753750801086426,0.00681281927973032
visuotactile_seed1,visuotactile,1,test_id,world_model,600,20,0.21850644052028656,"[0.4922182559967041, 0.10220639407634735, 0.057781901210546494, 0.4929657280445099, 0.10727355629205704, 0.058592986315488815]",0.002623021835461259,0.0007230286719277501,0.49540430307388306,"[0.3920938968658447, 0.4559955894947052, 0.4934898912906647, 0.529667317867279, 0.6057752370834351]",0.8677359223365784,0.9786666666666667,0.9888333333333333,0.02582773007452488,"[0.17009350657463074, 0.1963888555765152, 0.21151301264762878, 0.24199724197387695, 0.2725392282009125]","[0.0023283744230866432, 0.002342402236536145, 0.002532446291297674, 0.002805836498737335, 0.0031060485634952784]",1441,0.3925114870071411,0.004911441821604967
visuotactile_seed1,visuotactile,1,test_id,persistence_no_dynamics,600,20,0.09496618807315826,"[0.18346743285655975, 0.05777698755264282, 0.04984928295016289, 0.17865419387817383, 0.05074987933039665, 0.04929908737540245]",0.004778189118951559,0.0009194245212711394,0.48050907254219055,"[0.40530335903167725, 0.43300527334213257, 0.48776301741600037, 0.5175588726997375, 0.558914840221405]",1.3881787061691284,0.943,0.9805,0.03603195771574974,"[0.04323679953813553, 0.06764732301235199, 0.09528354555368423, 0.12005404382944107, 0.14860931038856506]","[0.0029229007195681334, 0.0037124177906662226, 0.004666387103497982, 0.005733514670282602, 0.006855732761323452]",1441,0.19669222831726074,0.009004651568830013
visuotactile_seed1,visuotactile,1,test_id,shuffled_tactile_at_test,600,20,1.7303568124771118,"[4.524897575378418, 0.48610278964042664, 0.14641636610031128, 4.634868621826172, 0.45072394609451294, 0.13913559913635254]",0.01928773894906044,0.0013511664001271129,4.6121015548706055,"[4.5652594566345215, 4.581698417663574, 4.604939937591553, 4.643238067626953, 4.665374755859375]",18.190200805664062,0.7923333333333333,0.7893333333333333,0.16883766651153564,"[1.7091180086135864, 1.7189298868179321, 1.725579857826233, 1.744390845298767, 1.7537641525268555]","[0.01891593635082245, 0.019177967682480812, 0.019358258694410324, 0.019469359889626503, 0.01951715350151062]",1441,3.120192289352417,0.02180025540292263
visuotactile_seed1,visuotactile,1,test_ood,world_model,600,20,0.39716124534606934,"[0.9415833950042725, 0.1860804706811905, 0.08283505588769913, 0.9030748605728149, 0.18307407200336456, 0.08632038533687592]",0.0021489174105226994,0.0009814332006499171,0.9639952778816223,"[0.864810585975647, 0.9034321308135986, 0.9394541382789612, 0.9887570142745972, 1.1235231161117554]",3.9852912425994873,0.9163333333333333,0.9658333333333333,0.040641214698553085,"[0.3466957211494446, 0.36304211616516113, 0.3830641806125641, 0.42372968792915344, 0.46927446126937866]","[0.002107878215610981, 0.0019509975099936128, 0.0020850677974522114, 0.002225639298558235, 0.002375006675720215]",717,1.250217318534851,0.0051414440385997295
visuotactile_seed1,visuotactile,1,test_ood,persistence_no_dynamics,600,20,0.20291177928447723,"[0.4159816801548004, 0.1283862143754959, 0.06572762131690979, 0.4089376926422119, 0.1248544380068779, 0.07358285784721375]",0.0026400566566735506,0.0010204300051555037,1.034201741218567,"[0.8813819289207458, 0.9446700811386108, 1.0264147520065308, 1.1136901378631592, 1.2048498392105103]",4.731845378875732,0.9103333333333333,0.9558333333333333,0.048841577023267746,"[0.11404695361852646, 0.15313737094402313, 0.20085671544075012, 0.2502571642398834, 0.29626086354255676]","[0.002415569731965661, 0.002511976519599557, 0.0026229522190988064, 0.002749568782746792, 0.0029002181254327297]",717,0.665485143661499,0.006354456301778555
visuotactile_seed1,visuotactile,1,test_ood,shuffled_tactile_at_test,600,20,1.147057056427002,"[2.8666181564331055, 0.4309583306312561, 0.10724892467260361, 2.9118154048919678, 0.4502720832824707, 0.11543318629264832]",0.008851412683725357,0.0013049920089542866,2.9002721309661865,"[2.809016227722168, 2.8380842208862305, 2.8932361602783203, 2.936826705932617, 3.024193048477173]",13.350427627563477,0.851,0.8613333333333333,0.11225641518831253,"[1.0987387895584106, 1.128909945487976, 1.1390222311019897, 1.1790457963943481, 1.1895679235458374]","[0.008869108743965626, 0.008696310222148895, 0.008836916647851467, 0.00890523660928011, 0.008949477225542068]",717,3.1262402534484863,0.02058776654303074
vision_seed2,vision,2,test_id,world_model,600,20,1.128882646560669,"[2.9787497520446777, 0.31898805499076843, 0.09411504119634628, 2.9635417461395264, 0.3260943591594696, 0.09180255979299545]",0.0033777710050344467,0.001200399361550808,3.0532877445220947,"[2.9454033374786377, 3.0051803588867188, 3.043980598449707, 3.1154253482818604, 3.156449556350708]",5.260315895080566,0.9713333333333334,0.983,0.03352002054452896,"[1.0850964784622192, 1.1067293882369995, 1.1269750595092773, 1.1529698371887207, 1.172642469406128]","[0.002595252823084593, 0.0029248506762087345, 0.003359817201271653, 0.0037886742502450943, 0.0042202589102089405]",1441,2.2556135654449463,0.006100209429860115
vision_seed2,vision,2,test_id,persistence_no_dynamics,600,20,1.0827745199203491,"[2.8117451667785645, 0.31926846504211426, 0.09542687237262726, 2.8536269664764404, 0.32252874970436096, 0.09405467659235]",0.005097262095659971,0.0012711788294836879,2.9338316917419434,"[2.895537853240967, 2.8928959369659424, 2.922698974609375, 2.9641799926757812, 2.9938430786132812]",4.371050834655762,0.951,0.9808333333333333,0.0426199696958065,"[1.0668967962265015, 1.0649832487106323, 1.0754730701446533, 1.0930382013320923, 1.1134817600250244]","[0.0031931339763104916, 0.004033339209854603, 0.0050137657672166824, 0.006067429203540087, 0.007178637199103832]",1441,2.169658899307251,0.009480827488005161
vision_seed2,vision,2,test_ood,world_model,600,20,0.7849237322807312,"[1.9809781312942505, 0.3345039188861847, 0.08853635936975479, 1.8570650815963745, 0.3460884988307953, 0.10236993432044983]",0.0026049772277474403,0.001341834431514144,1.929904818534851,"[1.9291574954986572, 1.920854926109314, 1.8903679847717285, 1.9150612354278564, 1.9940853118896484]",7.239964485168457,0.871,0.9466666666666667,0.061248261481523514,"[0.7785747647285461, 0.7757704257965088, 0.7691076397895813, 0.7891382575035095, 0.8120270371437073]","[0.002104633254930377, 0.0023211301304399967, 0.0025572257582098246, 0.0028516887687146664, 0.0031902091577649117]",717,2.562079668045044,0.005166242830455303
vision_seed2,vision,2,test_ood,persistence_no_dynamics,600,20,0.8703200817108154,"[2.1893813610076904, 0.3608463406562805, 0.09280946850776672, 2.099557399749756, 0.3621443212032318, 0.11717986315488815]",0.0027565339114516973,0.0013641213299706578,2.1877613067626953,"[2.0499136447906494, 2.0998198986053467, 2.169659376144409, 2.2666015625, 2.352816343307495]",7.773877143859863,0.8636666666666667,0.9425,0.055030763149261475,"[0.8170505166053772, 0.8387638330459595, 0.8619220852851868, 0.9052879214286804, 0.9285767078399658]","[0.002557081636041403, 0.0026312116533517838, 0.002729700179770589, 0.0028608550783246756, 0.003003828227519989]",717,2.778203010559082,0.006414848379790783
visuotactile_seed2,visuotactile,2,test_id,world_model,600,20,0.2596222460269928,"[0.5956345796585083, 0.11292645335197449, 0.06446261703968048, 0.6193124055862427, 0.10290037095546722, 0.06249697506427765]",0.002633611438795924,0.001070716418325901,0.5818105936050415,"[0.38947951793670654, 0.4796235263347626, 0.5831066966056824, 0.6859292387962341, 0.7709136009216309]",0.8267807960510254,0.977,0.9885,0.029527943581342697,"[0.17616592347621918, 0.21677371859550476, 0.2584598958492279, 0.3032595217227936, 0.3434521555900574]","[0.0023410108406096697, 0.002449971856549382, 0.0025796759873628616, 0.0027763943653553724, 0.0030210011173039675]",1441,0.4615497887134552,0.004723953083157539
visuotactile_seed2,visuotactile,2,test_id,persistence_no_dynamics,600,20,0.09496618807315826,"[0.18346743285655975, 0.05777698755264282, 0.04984928295016289, 0.17865419387817383, 0.05074987933039665, 0.04929908737540245]",0.004975139629095793,0.0012367998715490103,0.48446720838546753,"[0.4014253616333008, 0.4350259006023407, 0.49052125215530396, 0.530799150466919, 0.5645637512207031]",1.5468271970748901,0.944,0.9808333333333333,0.04077566787600517,"[0.04323679953813553, 0.06764732301235199, 0.09528354555368423, 0.12005404382944107, 0.14860931038856506]","[0.003042970085516572, 0.003879843046888709, 0.004881594330072403, 0.005970351863652468, 0.007100935094058514]",1441,0.19669222831726074,0.00939399003982544
visuotactile_seed2,visuotactile,2,test_id,shuffled_tactile_at_test,600,20,1.7366838455200195,"[4.594391345977783, 0.47773054242134094, 0.13486595451831818, 4.645095348358154, 0.43935588002204895, 0.12866412103176117]",0.018375270068645477,0.0017100099939852953,4.5559916496276855,"[4.497459888458252, 4.529150485992432, 4.554670333862305, 4.5936126708984375, 4.60506010055542]",17.641263961791992,0.801,0.799,0.16932159662246704,"[1.713875651359558, 1.7279034852981567, 1.734551191329956, 1.7505323886871338, 1.7565592527389526]","[0.01795448549091816, 0.018193615600466728, 0.01841200888156891, 0.018580269068479538, 0.018735945224761963]",1441,3.056135892868042,0.021334679797291756
visuotactile_seed2,visuotactile,2,test_ood,world_model,600,20,0.3724006712436676,"[0.8227476477622986, 0.18127743899822235, 0.08760561794042587, 0.8531532287597656, 0.20097564160823822, 0.08864398300647736]",0.002783857984468341,0.001103266840800643,0.7939700484275818,"[0.6964689493179321, 0.7453954815864563, 0.7779192328453064, 0.8271501660346985, 0.9229163527488708]",2.9032437801361084,0.8853333333333333,0.9553333333333334,0.04682546854019165,"[0.3184666037559509, 0.33962512016296387, 0.3652292490005493, 0.4043450951576233, 0.43433696031570435]","[0.0024353608023375273, 0.0026225512847304344, 0.0027794167399406433, 0.002949040150269866, 0.0031329209450632334]",717,1.024193525314331,0.006547997705638409
visuotactile_seed2,visuotactile,2,test_ood,persistence_no_dynamics,600,20,0.20291177928447723,"[0.4159816801548004, 0.1283862143754959, 0.06572762131690979, 0.4089376926422119, 0.1248544380068779, 0.07358285784721375]",0.002739280927926302,0.0012011979706585407,0.9369531273841858,"[0.7756633758544922, 0.8390855193138123, 0.9247506856918335, 1.024501085281372, 1.1207613945007324]",4.090776443481445,0.8786666666666667,0.9423333333333334,0.04915463179349899,"[0.11404695361852646, 0.15313737094402313, 0.20085671544075012, 0.2502571642398834, 0.29626086354255676]","[0.002606155350804329, 0.002635779557749629, 0.002700071083381772, 0.0028086055535823107, 0.0029457961209118366]",717,0.665485143661499,0.00719031598418951
visuotactile_seed2,visuotactile,2,test_ood,shuffled_tactile_at_test,600,20,1.1433632373809814,"[2.833320379257202, 0.43801191449165344, 0.10841302573680878, 2.9310364723205566, 0.4392445981502533, 0.11015359312295914]",0.008804816752672195,0.001421426422894001,2.8609933853149414,"[2.8023998737335205, 2.8116514682769775, 2.8594930171966553, 2.8877201080322266, 2.9437029361724854]",13.722319602966309,0.8233333333333334,0.8583333333333333,0.11329608410596848,"[1.1035969257354736, 1.1276893615722656, 1.1373200416564941, 1.1735247373580933, 1.1746844053268433]","[0.008671983145177364, 0.008646025322377682, 0.008761979639530182, 0.008904575370252132, 0.009039524011313915]",717,3.0556390285491943,0.019784629344940186
